﻿<?xml version="1.0" encoding="utf-8"?>
<deployment>
  <id>81dd763d-760b-4c81-a659-242b2809a02f</id>
  <author>N/A</author>
  <deployer>OneDeploy</deployer>
  <authorEmail>N/A</authorEmail>
  <message>OneDeploy</message>
  <progress></progress>
  <status>Failed</status>
  <statusText></statusText>
  <lastSuccessEndTime />
  <receivedTime>2025-12-28T06:48:05.3068531Z</receivedTime>
  <startTime>2025-12-28T06:48:06.7191335Z</startTime>
  <endTime>2025-12-28T06:58:04.8985904Z</endTime>
  <complete>True</complete>
  <is_temp>False</is_temp>
  <is_readonly>True</is_readonly>
  <buildSummary />
</deployment>