﻿<?xml version="1.0" encoding="utf-8"?>
<deployment>
  <id>3d7bcead-ecac-4861-b3a9-448162a526f2</id>
  <author>N/A</author>
  <deployer>OneDeploy</deployer>
  <authorEmail>N/A</authorEmail>
  <message>OneDeploy</message>
  <progress></progress>
  <status>Success</status>
  <statusText></statusText>
  <lastSuccessEndTime>2025-12-27T10:36:21.273395Z</lastSuccessEndTime>
  <receivedTime>2025-12-27T10:35:59.0674067Z</receivedTime>
  <startTime>2025-12-27T10:36:01.2692431Z</startTime>
  <endTime>2025-12-27T10:36:21.273395Z</endTime>
  <complete>True</complete>
  <is_temp>False</is_temp>
  <is_readonly>True</is_readonly>
  <buildSummary />
</deployment>