﻿<?xml version="1.0" encoding="utf-8"?>
<deployment>
  <id>932cf778-2a56-47f3-8335-f26825a2f46e</id>
  <author>N/A</author>
  <deployer>OneDeploy</deployer>
  <authorEmail>N/A</authorEmail>
  <message>OneDeploy</message>
  <progress></progress>
  <status>Failed</status>
  <statusText></statusText>
  <lastSuccessEndTime />
  <receivedTime>2025-12-28T01:49:03.5832529Z</receivedTime>
  <startTime>2025-12-28T01:49:05.0698936Z</startTime>
  <endTime>2025-12-28T01:54:00.5833315Z</endTime>
  <complete>True</complete>
  <is_temp>False</is_temp>
  <is_readonly>True</is_readonly>
  <buildSummary />
</deployment>