<step title="Incoming Request" date="2025-12-27T22:48:41.821" instance="978831" url="/api/publish?type=zip&amp;async=True" method="POST" type="request" pid="835,1,30" Accept="*/*" Host="hanclass-frontend.scm.azurewebsites.net" User-Agent="AZURECLI/2.81.0 (HOMEBREW)" Accept-Encoding="gzip, deflate" Authorization="Bea..." Cache-Control="no-cache" Content-Type="application/octet-stream" Cookie="ARRAffinity=978831a12b989a546f04a417ac73afab2417e3847711476ee09674c03af7af1b; ARRAffinitySameSite=978831a12b989a546f04a417ac73afab2417e3847711476ee09674c03af7af1b" Content-Length="26159" x-ms-client-request-id="2da345e8-e376-11f0-8f8d-3296fc4ad343" x-ms-artifact-checksum="4f92268962fb96d62f8ce1163c36770d85efc99cd02a08f00b878f2fc64a75b1" X-ARR-LOG-ID="2da345e8-e376-11f0-8f8d-3296fc4ad343" CLIENT-IP="221.140.73.24:57933" X-SITE-DEPLOYMENT-ID="hanclass-frontend" WAS-DEFAULT-HOSTNAME="hanclass-frontend.scm.azurewebsites.net" X-Forwarded-Proto="https" X-AppService-Proto="https" X-Forwarded-TlsVersion="1.3" X-WAWS-Unencoded-URL="/api/publish?type=zip&amp;async=True" X-Client-IP="221.140.73.24" X-Client-Port="57933" >
  <step title="OneDeploy" date="2025-12-27T22:48:42.002" >
    <step title="None repository commit" date="2025-12-27T22:48:42.096" >
      <step title="Commit id: 33c1af33-b1a5-421f-82a9-c0049908e80d" date="2025-12-27T22:48:42.103" Message="N/A" AuthorName="N/A" AuthorEmail="N/A" /><!-- duration: 6ms -->
    </step><!-- duration: 18ms -->
    <step title="Starting PushDeployAsync" date="2025-12-27T22:48:42.142" /><!-- duration: 6ms -->
    <step title="Writing artifact to /tmp/zipdeploy/1446169a-e74f-4a5d-a9cf-bf58d252c4a1.zip" date="2025-12-27T22:48:42.195" >
      <step title="Writing multipart request body to /tmp/zipdeploy/1446169a-e74f-4a5d-a9cf-bf58d252c4a1.zip" date="2025-12-27T22:48:42.206" /><!-- duration: 9ms -->
    </step><!-- duration: 139ms -->
    <step title="Start deployment in the background" date="2025-12-27T22:48:42.355" >
      <step title="Acquiring Deployment Lock" date="2025-12-27T22:48:42.411" /><!-- duration: 14ms -->
      <step title="Acquired Deployment Lock" date="2025-12-27T22:48:42.531" /><!-- duration: 7ms -->
    </step><!-- duration: 300ms -->
  </step><!-- duration: 673ms -->
  <step title="Outgoing response" date="2025-12-27T22:48:42.688" type="response" statusCode="202" statusText="Accepted" /><!-- duration: 7ms -->
</step><!-- duration: 879ms -->
