<step title="Incoming Request" date="2025-12-28T05:01:49.380" instance="978831" url="/api/deployments/latest" method="GET" type="request" pid="833,1,3" Accept="*/*" Host="hanclass-frontend.scm.azurewebsites.net" User-Agent="AZURECLI/2.81.0 (HOMEBREW)" Accept-Encoding="gzip, deflate" Authorization="Bea..." x-ms-client-request-id="48d0a99e-e3aa-11f0-bc16-3296fc4ad343" X-ARR-LOG-ID="48d0a99e-e3aa-11f0-bc16-3296fc4ad343" CLIENT-IP="118.131.67.58:50706" X-SITE-DEPLOYMENT-ID="hanclass-frontend" WAS-DEFAULT-HOSTNAME="hanclass-frontend.scm.azurewebsites.net" X-Forwarded-Proto="https" X-AppService-Proto="https" X-Forwarded-TlsVersion="1.3" X-WAWS-Unencoded-URL="/api/deployments/latest" X-Client-IP="118.131.67.58" X-Client-Port="50706" >
  <step title="Cleanup Xml Logs" date="2025-12-28T05:01:49.437" >
    <step title="Cleanup Infos" date="2025-12-28T05:01:49.618" totalFiles="281" totalCleanup="121" /><!-- duration: 109ms -->
  </step><!-- duration: 334ms -->
  <step title="DeploymentService.GetResult" date="2025-12-28T05:01:49.844" >
    <step title="DeploymentService.GetLatestDeployment" date="2025-12-28T05:01:49.899" >
      <step title="DeploymentManager.GetResults" date="2025-12-28T05:01:49.927" /><!-- duration: 1813ms -->
    </step><!-- duration: 1857ms -->
  </step><!-- duration: 1917ms -->
  <step title="Outgoing response" date="2025-12-28T05:01:51.772" type="response" statusCode="202" statusText="Accepted" /><!-- duration: 6ms -->
</step><!-- duration: 2410ms -->
