<step title="Incoming Request" date="2025-12-27T09:15:27.671" instance="978831" url="/api/deployments?warmup=true" method="GET" type="request" pid="833,1,18" Accept="*/*" Host="hanclass-frontend.scm.azurewebsites.net" User-Agent="AZURECLI/2.81.0 (HOMEBREW)" Accept-Encoding="gzip, deflate" Authorization="Bea..." Cookie="ARRAffinity=978831a12b989a546f04a417ac73afab2417e3847711476ee09674c03af7af1b; ARRAffinitySameSite=978831a12b989a546f04a417ac73afab2417e3847711476ee09674c03af7af1b" x-ms-client-request-id="92084118-e304-11f0-b120-3296fc4ad343" X-ARR-LOG-ID="92084118-e304-11f0-b120-3296fc4ad343" CLIENT-IP="221.140.73.24:52227" X-SITE-DEPLOYMENT-ID="hanclass-frontend" WAS-DEFAULT-HOSTNAME="hanclass-frontend.scm.azurewebsites.net" X-Forwarded-Proto="https" X-AppService-Proto="https" X-Forwarded-TlsVersion="1.3" X-WAWS-Unencoded-URL="/api/deployments?warmup=true" X-Client-IP="221.140.73.24" X-Client-Port="52227" >
  <step title="Cleanup Xml Logs" date="2025-12-27T09:15:27.782" /><!-- duration: 49ms -->
  <step title="DeploymentService.GetCurrentEtag" date="2025-12-27T09:15:28.955" >
    <step title="Current Etag: &quot;f721bad8646e207a&quot;, Cached Etag: &quot;f721badbee100900&quot;" date="2025-12-27T09:15:29.343" /><!-- duration: 192ms -->
  </step><!-- duration: 587ms -->
  <step title="DeploymentService.GetDeployResults" date="2025-12-27T09:15:29.554" >
    <step title="DeploymentManager.GetResults" date="2025-12-27T09:15:29.699" /><!-- duration: 6620ms -->
  </step><!-- duration: 6910ms -->
  <step title="Outgoing response" date="2025-12-27T09:15:37.889" type="response" statusCode="200" statusText="OK" /><!-- duration: 67ms -->
</step><!-- duration: 10294ms -->
