<step title="BackgroundTrace" date="2025-12-27T08:33:47.442" instance="469eb3" url="/api/zipdeploy" method="POST" >
  <step title="Creating temporary deployment - FetchDeploymentManager" date="2025-12-27T08:33:47.570" /><!-- duration: 3ms -->
  <step title="Creating temporary deployment" date="2025-12-27T08:33:47.579" /><!-- duration: 90ms -->
  <step title="Performing fetch based deployment" date="2025-12-27T08:33:47.783" >
    <step title="Cleaning up temp folders from previous zip deployments and extracting pushed zip file /tmp/zipdeploy/80e8a8c8-7855-490e-8dad-749472044e86.zip (0.02 MB) to /tmp/zipdeploy/extracted" date="2025-12-27T08:33:49.018" >
      <step title="ChmodRecursive Process exited with total time taken in ms: 40" date="2025-12-27T08:33:49.125" /><!-- duration: 5ms -->
    </step><!-- duration: 125ms -->
    <step title="Deployment timer started" date="2025-12-27T08:33:51.167" >
      <step title="DeploymentManager.Deploy(id:cd42bf97-2533-4944-92be-f38270397978)" date="2025-12-27T08:33:51.195" >
        <step title="Collecting changeset information" date="2025-12-27T08:33:51.258" /><!-- duration: 111ms -->
        <step title="Updating submodules" date="2025-12-27T08:33:51.381" /><!-- duration: 1174ms -->
        <step title="Determining deployment builder" date="2025-12-27T08:33:52.782" >
          <step title="Builder is OryxBuilder" date="2025-12-27T08:33:52.794" /><!-- duration: 4ms -->
        </step><!-- duration: 21ms -->
        <step title="PreDeployment: context.CleanOutputPath False" date="2025-12-27T08:33:52.860" >
          <step title="PreDeployment: context.OutputPath /home/site/wwwroot" date="2025-12-27T08:33:52.992" >
            <step title="Building" date="2025-12-27T08:33:53.201" >
              <step title="Executing external process" date="2025-12-27T08:33:53.541" type="process" path="bash" arguments="-c &quot;oryx build /tmp/zipdeploy/extracted -o /home/site/wwwroot --platform nodejs --platform-version 20 -p virtualenv_name= --log-file /tmp/build-debug.log  -i /tmp/8de4522aab03e7b -p compress_node_modules=tar-gz | tee /tmp/oryx-build.log ; exit $PIPESTATUS &quot;" >
                <step title="Cpu: npm install(997,28.000s)+build.sh(882,0.080s)+oryx(858,7.130s)+tee(859,0.000s)+bash(857,0.000s)=total(35.210s)" date="2025-12-27T08:35:52.434" /><!-- duration: 17ms -->
                <step title="bash: no io activity for 60s, prev-cpu=-1.000s, current-cpu=35.210s" date="2025-12-27T08:35:52.484" /><!-- duration: 61ms -->
                <step title="Cpu: npm install(997,120.730s)+build.sh(882,0.080s)+oryx(858,7.370s)+tee(859,0.000s)+bash(857,0.000s)=total(128.180s)" date="2025-12-27T08:38:31.372" /><!-- duration: 28ms -->
                <step title="bash: no io activity for 60s, prev-cpu=-1.000s, current-cpu=128.180s" date="2025-12-27T08:38:31.448" /><!-- duration: 10ms -->
                <step title="Cpu: node(1177,15.930s)+node(1121,3.370s)+sh(1120,0.000s)+npm run build(1109,0.610s)+build.sh(882,0.080s)+oryx(858,7.650s)+tee(859,0.000s)+bash(857,0.000s)=total(27.610s)" date="2025-12-27T08:39:42.948" /><!-- duration: 30ms -->
                <step title="bash: no io activity for 60s, prev-cpu=-1.000s, current-cpu=27.610s" date="2025-12-27T08:39:43.008" /><!-- duration: 10ms -->
                <step title="Process dump" date="2025-12-27T08:40:38.716" exitCode="1" type="processOutput" /><!-- duration: 4ms -->
              </step><!-- duration: 405207ms -->
              <step title="Error occurred" date="2025-12-27T08:40:38.846" type="error" text="npm warn deprecated inflight@1.0.6: This module is not supported, and leaks memory. Do not use it. Check out lru-cache if you want a good and tested way to coalesce async requests by a key value, which is much more comprehensive and powerful.
npm warn deprecated rimraf@3.0.2: Rimraf versions prior to v4 are no longer supported
npm warn deprecated @humanwhocodes/object-schema@2.0.3: Use @eslint/object-schema instead
npm warn deprecated @humanwhocodes/config-array@0.13.0: Use @eslint/config-array instead
npm warn deprecated glob@7.2.3: Glob versions prior to v9 are no longer supported
npm warn deprecated eslint@8.57.1: This version is no longer supported. Please see https://eslint.org/version-support for other options.
npm warn deprecated next@14.2.0: This version has a security vulnerability. Please upgrade to a patched version. See https://nextjs.org/blog/security-update-2025-12-11 for more details.
npm notice
npm notice New major version of npm available! 10.9.4 -&gt; 11.7.0
npm notice Changelog: https://github.com/npm/cli/releases/tag/v11.7.0
npm notice To update run: npm install -g npm@11.7.0
npm notice
Failed to compile.

./lib/api.ts:15:5
Type error: Element implicitly has an &apos;any&apos; type because expression of type &apos;&quot;Authorization&quot;&apos; can&apos;t be used to index type &apos;HeadersInit&apos;.
  Property &apos;Authorization&apos; does not exist on type &apos;HeadersInit&apos;.

[0m [90m 13 |[39m[0m
[0m [90m 14 |[39m   [36mif[39m (token) {[0m
[0m[31m[1m&gt;[22m[39m[90m 15 |[39m     headers[[32m&apos;Authorization&apos;[39m] [33m=[39m [32m`Bearer ${token}`[39m[33m;[39m[0m
[0m [90m    |[39m     [31m[1m^[22m[39m[0m
[0m [90m 16 |[39m   }[0m
[0m [90m 17 |[39m[0m
[0m [90m 18 |[39m   [36mconst[39m response [33m=[39m [36mawait[39m fetch([32m`${API_URL}${endpoint}`[39m[33m,[39m {[0m
/bin/bash -c &quot;oryx build /tmp/zipdeploy/extracted -o /home/site/wwwroot --platform nodejs --platform-version 20 -p virtualenv_name= --log-file /tmp/build-debug.log  -i /tmp/8de4522aab03e7b -p compress_node_modules=tar-gz | tee /tmp/oryx-build.log ; exit $PIPESTATUS &quot;" stackTrace="   at Kudu.Core.Infrastructure.Executable.ExecuteInternal(ITracer tracer, Func`2 onWriteOutput, Func`2 onWriteError, CancellationToken token, Encoding encoding, String arguments, Object[] args) in /tmp/KuduLite/Kudu.Core/Infrastructure/Executable.cs:line 239
   at Kudu.Core.Infrastructure.Executable.ExecuteWithProgressWriter(ILogger logger, ITracer tracer, CancellationToken token, String arguments, Object[] args) in /tmp/KuduLite/Kudu.Core/Infrastructure/Executable.cs:line 118
   at Kudu.Core.Deployment.Generator.ExternalCommandBuilder.RunCommand(DeploymentContext context, String command, Boolean ignoreManifest, CancellationToken token, String message) in /tmp/KuduLite/Kudu.Core/Deployment/Generator/ExternalCommandBuilder.cs:line 122" /><!-- duration: 15ms -->
              <step title="Error occurred" date="2025-12-27T08:40:38.881" type="error" text="npm warn deprecated inflight@1.0.6: This module is not supported, and leaks memory. Do not use it. Check out lru-cache if you want a good and tested way to coalesce async requests by a key value, which is much more comprehensive and powerful.
npm warn deprecated rimraf@3.0.2: Rimraf versions prior to v4 are no longer supported
npm warn deprecated @humanwhocodes/object-schema@2.0.3: Use @eslint/object-schema instead
npm warn deprecated @humanwhocodes/config-array@0.13.0: Use @eslint/config-array instead
npm warn deprecated glob@7.2.3: Glob versions prior to v9 are no longer supported
npm warn deprecated eslint@8.57.1: This version is no longer supported. Please see https://eslint.org/version-support for other options.
npm warn deprecated next@14.2.0: This version has a security vulnerability. Please upgrade to a patched version. See https://nextjs.org/blog/security-update-2025-12-11 for more details.
npm notice
npm notice New major version of npm available! 10.9.4 -&gt; 11.7.0
npm notice Changelog: https://github.com/npm/cli/releases/tag/v11.7.0
npm notice To update run: npm install -g npm@11.7.0
npm notice
Failed to compile.

./lib/api.ts:15:5
Type error: Element implicitly has an &apos;any&apos; type because expression of type &apos;&quot;Authorization&quot;&apos; can&apos;t be used to index type &apos;HeadersInit&apos;.
  Property &apos;Authorization&apos; does not exist on type &apos;HeadersInit&apos;.

[0m [90m 13 |[39m[0m
[0m [90m 14 |[39m   [36mif[39m (token) {[0m
[0m[31m[1m&gt;[22m[39m[90m 15 |[39m     headers[[32m&apos;Authorization&apos;[39m] [33m=[39m [32m`Bearer ${token}`[39m[33m;[39m[0m
[0m [90m    |[39m     [31m[1m^[22m[39m[0m
[0m [90m 16 |[39m   }[0m
[0m [90m 17 |[39m[0m
[0m [90m 18 |[39m   [36mconst[39m response [33m=[39m [36mawait[39m fetch([32m`${API_URL}${endpoint}`[39m[33m,[39m {[0m
/bin/bash -c &quot;oryx build /tmp/zipdeploy/extracted -o /home/site/wwwroot --platform nodejs --platform-version 20 -p virtualenv_name= --log-file /tmp/build-debug.log  -i /tmp/8de4522aab03e7b -p compress_node_modules=tar-gz | tee /tmp/oryx-build.log ; exit $PIPESTATUS &quot;" stackTrace="   at Kudu.Core.Infrastructure.Executable.ExecuteInternal(ITracer tracer, Func`2 onWriteOutput, Func`2 onWriteError, CancellationToken token, Encoding encoding, String arguments, Object[] args) in /tmp/KuduLite/Kudu.Core/Infrastructure/Executable.cs:line 239
   at Kudu.Core.Infrastructure.Executable.ExecuteWithProgressWriter(ILogger logger, ITracer tracer, CancellationToken token, String arguments, Object[] args) in /tmp/KuduLite/Kudu.Core/Infrastructure/Executable.cs:line 118
   at Kudu.Core.Deployment.Generator.ExternalCommandBuilder.RunCommand(DeploymentContext context, String command, Boolean ignoreManifest, CancellationToken token, String message) in /tmp/KuduLite/Kudu.Core/Deployment/Generator/ExternalCommandBuilder.cs:line 122
   at Kudu.Core.Deployment.Generator.OryxBuilder.RunBuildCommand(IOryxArguments args, DeploymentContext context, CancellationToken token) in /tmp/KuduLite/Kudu.Core/Deployment/Generator/OryxBuilder.cs:line 295
   at Kudu.Core.Deployment.Generator.OryxBuilder.Build(DeploymentContext context, CancellationToken token) in /tmp/KuduLite/Kudu.Core/Deployment/Generator/OryxBuilder.cs:line 136
   at Kudu.Core.Deployment.DeploymentManager.Build(ChangeSet changeSet, ITracer tracer, IDisposable deployStep, IRepository repository, DeploymentInfoBase deploymentInfo, DeploymentAnalytics deploymentAnalytics, Boolean fullBuildByDefault, CancellationToken cancellationToken) in /tmp/KuduLite/Kudu.Core/Deployment/DeploymentManager.cs:line 771" /><!-- duration: 7ms -->
              <step title="Using GenericDeploymentLogParser" date="2025-12-27T08:40:39.178" /><!-- duration: 4ms -->
            </step><!-- duration: 407253ms -->
          </step><!-- duration: 407469ms -->
          <step title="Error occurred" date="2025-12-27T08:40:40.466" type="error" text="npm warn deprecated inflight@1.0.6: This module is not supported, and leaks memory. Do not use it. Check out lru-cache if you want a good and tested way to coalesce async requests by a key value, which is much more comprehensive and powerful.
npm warn deprecated rimraf@3.0.2: Rimraf versions prior to v4 are no longer supported
npm warn deprecated @humanwhocodes/object-schema@2.0.3: Use @eslint/object-schema instead
npm warn deprecated @humanwhocodes/config-array@0.13.0: Use @eslint/config-array instead
npm warn deprecated glob@7.2.3: Glob versions prior to v9 are no longer supported
npm warn deprecated eslint@8.57.1: This version is no longer supported. Please see https://eslint.org/version-support for other options.
npm warn deprecated next@14.2.0: This version has a security vulnerability. Please upgrade to a patched version. See https://nextjs.org/blog/security-update-2025-12-11 for more details.
npm notice
npm notice New major version of npm available! 10.9.4 -&gt; 11.7.0
npm notice Changelog: https://github.com/npm/cli/releases/tag/v11.7.0
npm notice To update run: npm install -g npm@11.7.0
npm notice
Failed to compile.

./lib/api.ts:15:5
Type error: Element implicitly has an &apos;any&apos; type because expression of type &apos;&quot;Authorization&quot;&apos; can&apos;t be used to index type &apos;HeadersInit&apos;.
  Property &apos;Authorization&apos; does not exist on type &apos;HeadersInit&apos;.

[0m [90m 13 |[39m[0m
[0m [90m 14 |[39m   [36mif[39m (token) {[0m
[0m[31m[1m&gt;[22m[39m[90m 15 |[39m     headers[[32m&apos;Authorization&apos;[39m] [33m=[39m [32m`Bearer ${token}`[39m[33m;[39m[0m
[0m [90m    |[39m     [31m[1m^[22m[39m[0m
[0m [90m 16 |[39m   }[0m
[0m [90m 17 |[39m[0m
[0m [90m 18 |[39m   [36mconst[39m response [33m=[39m [36mawait[39m fetch([32m`${API_URL}${endpoint}`[39m[33m,[39m {[0m
/bin/bash -c &quot;oryx build /tmp/zipdeploy/extracted -o /home/site/wwwroot --platform nodejs --platform-version 20 -p virtualenv_name= --log-file /tmp/build-debug.log  -i /tmp/8de4522aab03e7b -p compress_node_modules=tar-gz | tee /tmp/oryx-build.log ; exit $PIPESTATUS &quot;" stackTrace="   at Kudu.Core.Infrastructure.Executable.ExecuteInternal(ITracer tracer, Func`2 onWriteOutput, Func`2 onWriteError, CancellationToken token, Encoding encoding, String arguments, Object[] args) in /tmp/KuduLite/Kudu.Core/Infrastructure/Executable.cs:line 239
   at Kudu.Core.Infrastructure.Executable.ExecuteWithProgressWriter(ILogger logger, ITracer tracer, CancellationToken token, String arguments, Object[] args) in /tmp/KuduLite/Kudu.Core/Infrastructure/Executable.cs:line 118
   at Kudu.Core.Deployment.Generator.ExternalCommandBuilder.RunCommand(DeploymentContext context, String command, Boolean ignoreManifest, CancellationToken token, String message) in /tmp/KuduLite/Kudu.Core/Deployment/Generator/ExternalCommandBuilder.cs:line 122
   at Kudu.Core.Deployment.Generator.OryxBuilder.RunBuildCommand(IOryxArguments args, DeploymentContext context, CancellationToken token) in /tmp/KuduLite/Kudu.Core/Deployment/Generator/OryxBuilder.cs:line 295
   at Kudu.Core.Deployment.Generator.OryxBuilder.Build(DeploymentContext context, CancellationToken token) in /tmp/KuduLite/Kudu.Core/Deployment/Generator/OryxBuilder.cs:line 136
   at Kudu.Core.Deployment.DeploymentManager.Build(ChangeSet changeSet, ITracer tracer, IDisposable deployStep, IRepository repository, DeploymentInfoBase deploymentInfo, DeploymentAnalytics deploymentAnalytics, Boolean fullBuildByDefault, CancellationToken cancellationToken) in /tmp/KuduLite/Kudu.Core/Deployment/DeploymentManager.cs:line 771
   at Kudu.Core.Deployment.DeploymentManager.Build(ChangeSet changeSet, ITracer tracer, IDisposable deployStep, IRepository repository, DeploymentInfoBase deploymentInfo, DeploymentAnalytics deploymentAnalytics, Boolean fullBuildByDefault, CancellationToken cancellationToken) in /tmp/KuduLite/Kudu.Core/Deployment/DeploymentManager.cs:line 840" /><!-- duration: 7ms -->
          <step title="Cleaning up temp files" date="2025-12-27T08:40:40.556" /><!-- duration: 3377ms -->
          <step title="Cleaning up temp files" date="2025-12-27T08:40:43.938" /><!-- duration: 519ms -->
          <step title="Error occurred" date="2025-12-27T08:40:44.510" type="error" text="npm warn deprecated inflight@1.0.6: This module is not supported, and leaks memory. Do not use it. Check out lru-cache if you want a good and tested way to coalesce async requests by a key value, which is much more comprehensive and powerful.
npm warn deprecated rimraf@3.0.2: Rimraf versions prior to v4 are no longer supported
npm warn deprecated @humanwhocodes/object-schema@2.0.3: Use @eslint/object-schema instead
npm warn deprecated @humanwhocodes/config-array@0.13.0: Use @eslint/config-array instead
npm warn deprecated glob@7.2.3: Glob versions prior to v9 are no longer supported
npm warn deprecated eslint@8.57.1: This version is no longer supported. Please see https://eslint.org/version-support for other options.
npm warn deprecated next@14.2.0: This version has a security vulnerability. Please upgrade to a patched version. See https://nextjs.org/blog/security-update-2025-12-11 for more details.
npm notice
npm notice New major version of npm available! 10.9.4 -&gt; 11.7.0
npm notice Changelog: https://github.com/npm/cli/releases/tag/v11.7.0
npm notice To update run: npm install -g npm@11.7.0
npm notice
Failed to compile.

./lib/api.ts:15:5
Type error: Element implicitly has an &apos;any&apos; type because expression of type &apos;&quot;Authorization&quot;&apos; can&apos;t be used to index type &apos;HeadersInit&apos;.
  Property &apos;Authorization&apos; does not exist on type &apos;HeadersInit&apos;.

[0m [90m 13 |[39m[0m
[0m [90m 14 |[39m   [36mif[39m (token) {[0m
[0m[31m[1m&gt;[22m[39m[90m 15 |[39m     headers[[32m&apos;Authorization&apos;[39m] [33m=[39m [32m`Bearer ${token}`[39m[33m;[39m[0m
[0m [90m    |[39m     [31m[1m^[22m[39m[0m
[0m [90m 16 |[39m   }[0m
[0m [90m 17 |[39m[0m
[0m [90m 18 |[39m   [36mconst[39m response [33m=[39m [36mawait[39m fetch([32m`${API_URL}${endpoint}`[39m[33m,[39m {[0m
/bin/bash -c &quot;oryx build /tmp/zipdeploy/extracted -o /home/site/wwwroot --platform nodejs --platform-version 20 -p virtualenv_name= --log-file /tmp/build-debug.log  -i /tmp/8de4522aab03e7b -p compress_node_modules=tar-gz | tee /tmp/oryx-build.log ; exit $PIPESTATUS &quot;" stackTrace="   at Kudu.Core.Infrastructure.Executable.ExecuteInternal(ITracer tracer, Func`2 onWriteOutput, Func`2 onWriteError, CancellationToken token, Encoding encoding, String arguments, Object[] args) in /tmp/KuduLite/Kudu.Core/Infrastructure/Executable.cs:line 239
   at Kudu.Core.Infrastructure.Executable.ExecuteWithProgressWriter(ILogger logger, ITracer tracer, CancellationToken token, String arguments, Object[] args) in /tmp/KuduLite/Kudu.Core/Infrastructure/Executable.cs:line 118
   at Kudu.Core.Deployment.Generator.ExternalCommandBuilder.RunCommand(DeploymentContext context, String command, Boolean ignoreManifest, CancellationToken token, String message) in /tmp/KuduLite/Kudu.Core/Deployment/Generator/ExternalCommandBuilder.cs:line 122
   at Kudu.Core.Deployment.Generator.OryxBuilder.RunBuildCommand(IOryxArguments args, DeploymentContext context, CancellationToken token) in /tmp/KuduLite/Kudu.Core/Deployment/Generator/OryxBuilder.cs:line 295
   at Kudu.Core.Deployment.Generator.OryxBuilder.Build(DeploymentContext context, CancellationToken token) in /tmp/KuduLite/Kudu.Core/Deployment/Generator/OryxBuilder.cs:line 136
   at Kudu.Core.Deployment.DeploymentManager.Build(ChangeSet changeSet, ITracer tracer, IDisposable deployStep, IRepository repository, DeploymentInfoBase deploymentInfo, DeploymentAnalytics deploymentAnalytics, Boolean fullBuildByDefault, CancellationToken cancellationToken) in /tmp/KuduLite/Kudu.Core/Deployment/DeploymentManager.cs:line 771
   at Kudu.Core.Deployment.DeploymentManager.Build(ChangeSet changeSet, ITracer tracer, IDisposable deployStep, IRepository repository, DeploymentInfoBase deploymentInfo, DeploymentAnalytics deploymentAnalytics, Boolean fullBuildByDefault, CancellationToken cancellationToken) in /tmp/KuduLite/Kudu.Core/Deployment/DeploymentManager.cs:line 840
   at Kudu.Core.Deployment.DeploymentManager.DeployAsync(IRepository repository, ChangeSet changeSet, String deployer, Boolean clean, DeploymentInfoBase deploymentInfo, Boolean needFileUpdate, Boolean fullBuildByDefault) in /tmp/KuduLite/Kudu.Core/Deployment/DeploymentManager.cs:line 266" /><!-- duration: 5ms -->
        </step><!-- duration: 411660ms -->
        <step title="Reloading status file with latest updates" date="2025-12-27T08:40:44.585" >
          <step title="WebHooksManager.PublishEventAsync: PostDeployment" date="2025-12-27T08:40:44.594" /><!-- duration: 138ms -->
        </step><!-- duration: 152ms -->
        <step title="Error occurred" date="2025-12-27T08:40:44.742" type="error" text="npm warn deprecated inflight@1.0.6: This module is not supported, and leaks memory. Do not use it. Check out lru-cache if you want a good and tested way to coalesce async requests by a key value, which is much more comprehensive and powerful.
npm warn deprecated rimraf@3.0.2: Rimraf versions prior to v4 are no longer supported
npm warn deprecated @humanwhocodes/object-schema@2.0.3: Use @eslint/object-schema instead
npm warn deprecated @humanwhocodes/config-array@0.13.0: Use @eslint/config-array instead
npm warn deprecated glob@7.2.3: Glob versions prior to v9 are no longer supported
npm warn deprecated eslint@8.57.1: This version is no longer supported. Please see https://eslint.org/version-support for other options.
npm warn deprecated next@14.2.0: This version has a security vulnerability. Please upgrade to a patched version. See https://nextjs.org/blog/security-update-2025-12-11 for more details.
npm notice
npm notice New major version of npm available! 10.9.4 -&gt; 11.7.0
npm notice Changelog: https://github.com/npm/cli/releases/tag/v11.7.0
npm notice To update run: npm install -g npm@11.7.0
npm notice
Failed to compile.

./lib/api.ts:15:5
Type error: Element implicitly has an &apos;any&apos; type because expression of type &apos;&quot;Authorization&quot;&apos; can&apos;t be used to index type &apos;HeadersInit&apos;.
  Property &apos;Authorization&apos; does not exist on type &apos;HeadersInit&apos;.

[0m [90m 13 |[39m[0m
[0m [90m 14 |[39m   [36mif[39m (token) {[0m
[0m[31m[1m&gt;[22m[39m[90m 15 |[39m     headers[[32m&apos;Authorization&apos;[39m] [33m=[39m [32m`Bearer ${token}`[39m[33m;[39m[0m
[0m [90m    |[39m     [31m[1m^[22m[39m[0m
[0m [90m 16 |[39m   }[0m
[0m [90m 17 |[39m[0m
[0m [90m 18 |[39m   [36mconst[39m response [33m=[39m [36mawait[39m fetch([32m`${API_URL}${endpoint}`[39m[33m,[39m {[0m
/bin/bash -c &quot;oryx build /tmp/zipdeploy/extracted -o /home/site/wwwroot --platform nodejs --platform-version 20 -p virtualenv_name= --log-file /tmp/build-debug.log  -i /tmp/8de4522aab03e7b -p compress_node_modules=tar-gz | tee /tmp/oryx-build.log ; exit $PIPESTATUS &quot;" stackTrace="   at Kudu.Core.Infrastructure.Executable.ExecuteInternal(ITracer tracer, Func`2 onWriteOutput, Func`2 onWriteError, CancellationToken token, Encoding encoding, String arguments, Object[] args) in /tmp/KuduLite/Kudu.Core/Infrastructure/Executable.cs:line 239
   at Kudu.Core.Infrastructure.Executable.ExecuteWithProgressWriter(ILogger logger, ITracer tracer, CancellationToken token, String arguments, Object[] args) in /tmp/KuduLite/Kudu.Core/Infrastructure/Executable.cs:line 118
   at Kudu.Core.Deployment.Generator.ExternalCommandBuilder.RunCommand(DeploymentContext context, String command, Boolean ignoreManifest, CancellationToken token, String message) in /tmp/KuduLite/Kudu.Core/Deployment/Generator/ExternalCommandBuilder.cs:line 122
   at Kudu.Core.Deployment.Generator.OryxBuilder.RunBuildCommand(IOryxArguments args, DeploymentContext context, CancellationToken token) in /tmp/KuduLite/Kudu.Core/Deployment/Generator/OryxBuilder.cs:line 295
   at Kudu.Core.Deployment.Generator.OryxBuilder.Build(DeploymentContext context, CancellationToken token) in /tmp/KuduLite/Kudu.Core/Deployment/Generator/OryxBuilder.cs:line 136
   at Kudu.Core.Deployment.DeploymentManager.Build(ChangeSet changeSet, ITracer tracer, IDisposable deployStep, IRepository repository, DeploymentInfoBase deploymentInfo, DeploymentAnalytics deploymentAnalytics, Boolean fullBuildByDefault, CancellationToken cancellationToken) in /tmp/KuduLite/Kudu.Core/Deployment/DeploymentManager.cs:line 771
   at Kudu.Core.Deployment.DeploymentManager.Build(ChangeSet changeSet, ITracer tracer, IDisposable deployStep, IRepository repository, DeploymentInfoBase deploymentInfo, DeploymentAnalytics deploymentAnalytics, Boolean fullBuildByDefault, CancellationToken cancellationToken) in /tmp/KuduLite/Kudu.Core/Deployment/DeploymentManager.cs:line 840
   at Kudu.Core.Deployment.DeploymentManager.DeployAsync(IRepository repository, ChangeSet changeSet, String deployer, Boolean clean, DeploymentInfoBase deploymentInfo, Boolean needFileUpdate, Boolean fullBuildByDefault) in /tmp/KuduLite/Kudu.Core/Deployment/DeploymentManager.cs:line 266" /><!-- duration: 8ms -->
        <step title="Marking deployment as failed and cleaning up the temp deployment" date="2025-12-27T08:40:44.803" /><!-- duration: 4ms -->
      </step><!-- duration: 413740ms -->
      <step title="Error occurred" date="2025-12-27T08:40:44.971" type="error" text="One or more errors occurred. (Deployment failed)" stackTrace="   at System.Threading.Tasks.Task.ThrowIfExceptional(Boolean includeTaskCanceledExceptions)
   at System.Threading.Tasks.Task.Wait(Int32 millisecondsTimeout, CancellationToken cancellationToken)
   at System.Threading.Tasks.Task.Wait()
   at Kudu.Core.Deployment.FetchDeploymentManager.&lt;&gt;c__DisplayClass22_1.&lt;PerformBackgroundDeployment&gt;b__3() in /tmp/KuduLite/Kudu.Core/Deployment/FetchDeploymentManager.cs:line 414
   at Kudu.Contracts.Infrastructure.LockExtensions.TryLockOperation(IOperationLock lockObj, Action operation, String operationName, TimeSpan timeout) in /tmp/KuduLite/Kudu.Contracts/Infrastructure/LockExtensions.cs:line 34
   at Kudu.Contracts.Infrastructure.LockExtensions.LockOperation(IOperationLock lockObj, Action operation, String operationName, TimeSpan timeout) in /tmp/KuduLite/Kudu.Contracts/Infrastructure/LockExtensions.cs:line 46
   at Kudu.Core.Deployment.FetchDeploymentManager.&lt;&gt;c__DisplayClass22_0.&lt;PerformBackgroundDeployment&gt;b__1() in /tmp/KuduLite/Kudu.Core/Deployment/FetchDeploymentManager.cs:line 393" innerText="Deployment failed" innerStackTrace="   at Kudu.Core.Deployment.DeploymentManager.DeployAsync(IRepository repository, ChangeSet changeSet, String deployer, Boolean clean, DeploymentInfoBase deploymentInfo, Boolean needFileUpdate, Boolean fullBuildByDefault) in /tmp/KuduLite/Kudu.Core/Deployment/DeploymentManager.cs:line 307
   at Kudu.Core.Deployment.FetchDeploymentManager.PerformDeployment(DeploymentInfoBase deploymentInfo, IDisposable tempDeployment, ChangeSet tempChangeSet, DeployStatusApiResult updateStatusObj) in /tmp/KuduLite/Kudu.Core/Deployment/FetchDeploymentManager.cs:line 230" /><!-- duration: 6ms -->
    </step><!-- duration: 413853ms -->
