<step title="Incoming Request" date="2025-12-28T04:39:28.832" instance="978831" url="/api/publish?type=zip&amp;async=True" method="POST" type="request" pid="833,1,48" Accept="*/*" Host="hanclass-frontend.scm.azurewebsites.net" User-Agent="AZURECLI/2.81.0 (HOMEBREW)" Accept-Encoding="gzip, deflate" Authorization="Bea..." Cache-Control="no-cache" Content-Type="application/octet-stream" Cookie="ARRAffinity=978831a12b989a546f04a417ac73afab2417e3847711476ee09674c03af7af1b; ARRAffinitySameSite=978831a12b989a546f04a417ac73afab2417e3847711476ee09674c03af7af1b" Content-Length="26029" x-ms-client-request-id="2edc2bd8-e3a7-11f0-bf48-3296fc4ad343" x-ms-artifact-checksum="23a006a021b5260c89a294cb36b20d40eb1a88e7c6b9facfe407c0a12ea1b0a0" X-ARR-LOG-ID="2edc2bd8-e3a7-11f0-bf48-3296fc4ad343" CLIENT-IP="118.131.67.58:60425" X-SITE-DEPLOYMENT-ID="hanclass-frontend" WAS-DEFAULT-HOSTNAME="hanclass-frontend.scm.azurewebsites.net" X-Forwarded-Proto="https" X-AppService-Proto="https" X-Forwarded-TlsVersion="1.3" X-WAWS-Unencoded-URL="/api/publish?type=zip&amp;async=True" X-Client-IP="118.131.67.58" X-Client-Port="60425" >
  <step title="OneDeploy" date="2025-12-28T04:39:29.171" >
    <step title="Starting PushDeployAsync" date="2025-12-28T04:39:29.207" /><!-- duration: 11ms -->
    <step title="Writing artifact to /tmp/zipdeploy/62229041-d831-43f2-b41a-5f1d6db153e8.zip" date="2025-12-28T04:39:29.574" >
      <step title="Writing multipart request body to /tmp/zipdeploy/62229041-d831-43f2-b41a-5f1d6db153e8.zip" date="2025-12-28T04:39:29.611" /><!-- duration: 19ms -->
    </step><!-- duration: 1540ms -->
    <step title="Start deployment in the background" date="2025-12-28T04:39:31.152" >
      <step title="Acquiring Deployment Lock" date="2025-12-28T04:39:31.537" /><!-- duration: 7ms -->
      <step title="Acquired Deployment Lock" date="2025-12-28T04:39:31.630" /><!-- duration: 5ms -->
    </step><!-- duration: 652ms -->
  </step><!-- duration: 2696ms -->
  <step title="Outgoing response" date="2025-12-28T04:39:31.891" type="response" statusCode="202" statusText="Accepted" /><!-- duration: 9ms -->
</step><!-- duration: 3074ms -->
