<step title="Incoming Request" date="2025-12-28T04:39:35.315" instance="978831" url="/api/deployments/latest" method="GET" type="request" pid="833,1,50" Accept="*/*" Host="hanclass-frontend.scm.azurewebsites.net" User-Agent="AZURECLI/2.81.0 (HOMEBREW)" Accept-Encoding="gzip, deflate" Authorization="Bea..." x-ms-client-request-id="2edc2bd8-e3a7-11f0-bf48-3296fc4ad343" X-ARR-LOG-ID="2edc2bd8-e3a7-11f0-bf48-3296fc4ad343" CLIENT-IP="118.131.67.58:60454" X-SITE-DEPLOYMENT-ID="hanclass-frontend" WAS-DEFAULT-HOSTNAME="hanclass-frontend.scm.azurewebsites.net" X-Forwarded-Proto="https" X-AppService-Proto="https" X-Forwarded-TlsVersion="1.3" X-WAWS-Unencoded-URL="/api/deployments/latest" X-Client-IP="118.131.67.58" X-Client-Port="60454" >
  <step title="Cleanup Xml Logs" date="2025-12-28T04:39:35.483" >
    <step title="Cleanup Infos" date="2025-12-28T04:39:36.115" totalFiles="240" totalCleanup="80" /><!-- duration: 209ms -->
  </step><!-- duration: 928ms -->
  <step title="DeploymentService.GetResult" date="2025-12-28T04:39:36.478" >
    <step title="DeploymentService.GetLatestDeployment" date="2025-12-28T04:39:36.514" >
      <step title="DeploymentManager.GetResults" date="2025-12-28T04:39:36.560" /><!-- duration: 3633ms -->
    </step><!-- duration: 3686ms -->
  </step><!-- duration: 3727ms -->
  <step title="Outgoing response" date="2025-12-28T04:39:40.218" type="response" statusCode="202" statusText="Accepted" /><!-- duration: 5ms -->
</step><!-- duration: 4912ms -->
