﻿<?xml version="1.0" encoding="utf-8"?>
<deployment>
  <id>0f435004-4a1e-493f-9fcf-6cc37951ef04</id>
  <author>N/A</author>
  <deployer>OneDeploy</deployer>
  <authorEmail>N/A</authorEmail>
  <message>OneDeploy</message>
  <progress></progress>
  <status>Failed</status>
  <statusText></statusText>
  <lastSuccessEndTime />
  <receivedTime>2025-12-28T04:47:46.2107292Z</receivedTime>
  <startTime>2025-12-28T04:47:47.6369883Z</startTime>
  <endTime>2025-12-28T04:54:52.6051959Z</endTime>
  <complete>True</complete>
  <is_temp>False</is_temp>
  <is_readonly>True</is_readonly>
  <buildSummary />
</deployment>