<step title="BackgroundTrace" date="2025-12-28T04:47:42.342" instance="978831" url="/api/publish" method="POST" >
  <step title="Creating temporary deployment - FetchDeploymentManager" date="2025-12-28T04:47:42.437" /><!-- duration: 6ms -->
  <step title="Creating temporary deployment" date="2025-12-28T04:47:42.451" /><!-- duration: 95ms -->
  <step title="Performing fetch based deployment" date="2025-12-28T04:47:42.620" >
    <step title="Cleaning up temp folders from previous zip deployments and extracting pushed zip file /tmp/zipdeploy/68e498ee-1b28-4d50-95f2-d1de63f57995.zip (0.02 MB) to /tmp/zipdeploy/extracted" date="2025-12-28T04:47:43.818" >
      <step title="ChmodRecursive Process exited with total time taken in ms: 85" date="2025-12-28T04:47:43.970" /><!-- duration: 10ms -->
    </step><!-- duration: 180ms -->
    <step title="Deployment timer started" date="2025-12-28T04:47:46.049" >
      <step title="DeploymentManager.Deploy(id:0f435004-4a1e-493f-9fcf-6cc37951ef04)" date="2025-12-28T04:47:46.059" >
        <step title="Collecting changeset information" date="2025-12-28T04:47:46.109" /><!-- duration: 172ms -->
        <step title="Updating submodules" date="2025-12-28T04:47:46.295" /><!-- duration: 1145ms -->
        <step title="Determining deployment builder" date="2025-12-28T04:47:47.718" >
          <step title="Builder is OryxBuilder" date="2025-12-28T04:47:47.740" /><!-- duration: 11ms -->
        </step><!-- duration: 37ms -->
        <step title="PreDeployment: context.CleanOutputPath False" date="2025-12-28T04:47:47.821" >
          <step title="PreDeployment: context.OutputPath /home/site/wwwroot" date="2025-12-28T04:47:47.986" >
            <step title="Building" date="2025-12-28T04:47:48.180" >
              <step title="Executing external process" date="2025-12-28T04:47:48.554" type="process" path="bash" arguments="-c &quot;oryx build /tmp/zipdeploy/extracted -o /home/site/wwwroot --platform nodejs --platform-version 20 -p virtualenv_name= --log-file /tmp/build-debug.log  -i /tmp/8de45cc3fb4479d -p compress_node_modules=tar-gz | tee /tmp/oryx-build.log ; exit $PIPESTATUS &quot;" >
                <step title="Cpu: npm install(1110,29.070s)+build.sh(997,0.080s)+oryx(975,7.890s)+tee(976,0.000s)+bash(974,0.000s)=total(37.040s)" date="2025-12-28T04:49:39.217" /><!-- duration: 18ms -->
                <step title="bash: no io activity for 61s, prev-cpu=-1.000s, current-cpu=37.040s" date="2025-12-28T04:49:39.252" /><!-- duration: 32ms -->
                <step title="Cpu: npm install(1110,55.890s)+build.sh(997,0.080s)+oryx(975,7.940s)+tee(976,0.000s)+bash(974,0.000s)=total(63.910s)" date="2025-12-28T04:50:39.813" /><!-- duration: 39ms -->
                <step title="bash: no io activity for 121s, prev-cpu=37.040s, current-cpu=63.910s" date="2025-12-28T04:50:39.880" /><!-- duration: 28ms -->
                <step title="Cpu: node(1192,40.580s)+sh(1191,0.000s)+npm run build(1180,0.570s)+build.sh(997,0.080s)+oryx(975,8.330s)+tee(976,0.000s)+bash(974,0.000s)=total(49.530s)" date="2025-12-28T04:52:23.392" /><!-- duration: 56ms -->
                <step title="bash: no io activity for 61s, prev-cpu=-1.000s, current-cpu=49.530s" date="2025-12-28T04:52:23.562" /><!-- duration: 124ms -->
                <step title="Process dump" date="2025-12-28T04:54:50.852" exitCode="1" type="processOutput" /><!-- duration: 7ms -->
              </step><!-- duration: 422348ms -->
              <step title="Error occurred" date="2025-12-28T04:54:51.051" type="error" text="npm warn deprecated next@14.2.0: This version has a security vulnerability. Please upgrade to a patched version. See https://nextjs.org/blog/security-update-2025-12-11 for more details.
npm warn deprecated inflight@1.0.6: This module is not supported, and leaks memory. Do not use it. Check out lru-cache if you want a good and tested way to coalesce async requests by a key value, which is much more comprehensive and powerful.
npm warn deprecated @humanwhocodes/config-array@0.13.0: Use @eslint/config-array instead
npm warn deprecated rimraf@3.0.2: Rimraf versions prior to v4 are no longer supported
npm warn deprecated @humanwhocodes/object-schema@2.0.3: Use @eslint/object-schema instead
npm warn deprecated glob@7.2.3: Glob versions prior to v9 are no longer supported
npm warn deprecated eslint@8.57.1: This version is no longer supported. Please see https://eslint.org/version-support for other options.
Failed to compile.

./lib/api.ts:15:5
Type error: Element implicitly has an &apos;any&apos; type because expression of type &apos;&quot;Authorization&quot;&apos; can&apos;t be used to index type &apos;HeadersInit&apos;.
  Property &apos;Authorization&apos; does not exist on type &apos;HeadersInit&apos;.

[0m [90m 13 |[39m[0m
[0m [90m 14 |[39m   [36mif[39m (token) {[0m
[0m[31m[1m&gt;[22m[39m[90m 15 |[39m     headers[[32m&apos;Authorization&apos;[39m] [33m=[39m [32m`Bearer ${token}`[39m[33m;[39m[0m
[0m [90m    |[39m     [31m[1m^[22m[39m[0m
[0m [90m 16 |[39m   }[0m
[0m [90m 17 |[39m[0m
[0m [90m 18 |[39m   [36mconst[39m response [33m=[39m [36mawait[39m fetch([32m`${API_URL}${endpoint}`[39m[33m,[39m {[0m
/bin/bash -c &quot;oryx build /tmp/zipdeploy/extracted -o /home/site/wwwroot --platform nodejs --platform-version 20 -p virtualenv_name= --log-file /tmp/build-debug.log  -i /tmp/8de45cc3fb4479d -p compress_node_modules=tar-gz | tee /tmp/oryx-build.log ; exit $PIPESTATUS &quot;" stackTrace="   at Kudu.Core.Infrastructure.Executable.ExecuteInternal(ITracer tracer, Func`2 onWriteOutput, Func`2 onWriteError, CancellationToken token, Encoding encoding, String arguments, Object[] args) in /tmp/KuduLite/Kudu.Core/Infrastructure/Executable.cs:line 239
   at Kudu.Core.Infrastructure.Executable.ExecuteWithProgressWriter(ILogger logger, ITracer tracer, CancellationToken token, String arguments, Object[] args) in /tmp/KuduLite/Kudu.Core/Infrastructure/Executable.cs:line 118
   at Kudu.Core.Deployment.Generator.ExternalCommandBuilder.RunCommand(DeploymentContext context, String command, Boolean ignoreManifest, CancellationToken token, String message) in /tmp/KuduLite/Kudu.Core/Deployment/Generator/ExternalCommandBuilder.cs:line 122" /><!-- duration: 13ms -->
              <step title="Error occurred" date="2025-12-28T04:54:51.112" type="error" text="npm warn deprecated next@14.2.0: This version has a security vulnerability. Please upgrade to a patched version. See https://nextjs.org/blog/security-update-2025-12-11 for more details.
npm warn deprecated inflight@1.0.6: This module is not supported, and leaks memory. Do not use it. Check out lru-cache if you want a good and tested way to coalesce async requests by a key value, which is much more comprehensive and powerful.
npm warn deprecated @humanwhocodes/config-array@0.13.0: Use @eslint/config-array instead
npm warn deprecated rimraf@3.0.2: Rimraf versions prior to v4 are no longer supported
npm warn deprecated @humanwhocodes/object-schema@2.0.3: Use @eslint/object-schema instead
npm warn deprecated glob@7.2.3: Glob versions prior to v9 are no longer supported
npm warn deprecated eslint@8.57.1: This version is no longer supported. Please see https://eslint.org/version-support for other options.
Failed to compile.

./lib/api.ts:15:5
Type error: Element implicitly has an &apos;any&apos; type because expression of type &apos;&quot;Authorization&quot;&apos; can&apos;t be used to index type &apos;HeadersInit&apos;.
  Property &apos;Authorization&apos; does not exist on type &apos;HeadersInit&apos;.

[0m [90m 13 |[39m[0m
[0m [90m 14 |[39m   [36mif[39m (token) {[0m
[0m[31m[1m&gt;[22m[39m[90m 15 |[39m     headers[[32m&apos;Authorization&apos;[39m] [33m=[39m [32m`Bearer ${token}`[39m[33m;[39m[0m
[0m [90m    |[39m     [31m[1m^[22m[39m[0m
[0m [90m 16 |[39m   }[0m
[0m [90m 17 |[39m[0m
[0m [90m 18 |[39m   [36mconst[39m response [33m=[39m [36mawait[39m fetch([32m`${API_URL}${endpoint}`[39m[33m,[39m {[0m
/bin/bash -c &quot;oryx build /tmp/zipdeploy/extracted -o /home/site/wwwroot --platform nodejs --platform-version 20 -p virtualenv_name= --log-file /tmp/build-debug.log  -i /tmp/8de45cc3fb4479d -p compress_node_modules=tar-gz | tee /tmp/oryx-build.log ; exit $PIPESTATUS &quot;" stackTrace="   at Kudu.Core.Infrastructure.Executable.ExecuteInternal(ITracer tracer, Func`2 onWriteOutput, Func`2 onWriteError, CancellationToken token, Encoding encoding, String arguments, Object[] args) in /tmp/KuduLite/Kudu.Core/Infrastructure/Executable.cs:line 239
   at Kudu.Core.Infrastructure.Executable.ExecuteWithProgressWriter(ILogger logger, ITracer tracer, CancellationToken token, String arguments, Object[] args) in /tmp/KuduLite/Kudu.Core/Infrastructure/Executable.cs:line 118
   at Kudu.Core.Deployment.Generator.ExternalCommandBuilder.RunCommand(DeploymentContext context, String command, Boolean ignoreManifest, CancellationToken token, String message) in /tmp/KuduLite/Kudu.Core/Deployment/Generator/ExternalCommandBuilder.cs:line 122
   at Kudu.Core.Deployment.Generator.OryxBuilder.RunBuildCommand(IOryxArguments args, DeploymentContext context, CancellationToken token) in /tmp/KuduLite/Kudu.Core/Deployment/Generator/OryxBuilder.cs:line 295
   at Kudu.Core.Deployment.Generator.OryxBuilder.Build(DeploymentContext context, CancellationToken token) in /tmp/KuduLite/Kudu.Core/Deployment/Generator/OryxBuilder.cs:line 136
   at Kudu.Core.Deployment.DeploymentManager.Build(ChangeSet changeSet, ITracer tracer, IDisposable deployStep, IRepository repository, DeploymentInfoBase deploymentInfo, DeploymentAnalytics deploymentAnalytics, Boolean fullBuildByDefault, CancellationToken cancellationToken) in /tmp/KuduLite/Kudu.Core/Deployment/DeploymentManager.cs:line 771" /><!-- duration: 15ms -->
              <step title="Using GenericDeploymentLogParser" date="2025-12-28T04:54:51.449" /><!-- duration: 11ms -->
              <step title="Purge deployment items" date="2025-12-28T04:54:54.693" >
                <step title="Remove b5076bb6-, Failed, received at 12/28/2025 04:39:39" date="2025-12-28T04:54:54.773" /><!-- duration: 5ms -->
                <step title="Remove temp-2555, Failed, received at 12/28/2025 04:39:31" date="2025-12-28T04:54:54.848" /><!-- duration: 5ms -->
                <step title="Remove 7a84e08e-, Failed, received at 12/28/2025 04:09:05" date="2025-12-28T04:54:54.933" /><!-- duration: 6ms -->
              </step><!-- duration: 252ms -->
            </step><!-- duration: 426775ms -->
          </step><!-- duration: 426976ms -->
          <step title="Error occurred" date="2025-12-28T04:54:54.967" type="error" text="npm warn deprecated next@14.2.0: This version has a security vulnerability. Please upgrade to a patched version. See https://nextjs.org/blog/security-update-2025-12-11 for more details.
npm warn deprecated inflight@1.0.6: This module is not supported, and leaks memory. Do not use it. Check out lru-cache if you want a good and tested way to coalesce async requests by a key value, which is much more comprehensive and powerful.
npm warn deprecated @humanwhocodes/config-array@0.13.0: Use @eslint/config-array instead
npm warn deprecated rimraf@3.0.2: Rimraf versions prior to v4 are no longer supported
npm warn deprecated @humanwhocodes/object-schema@2.0.3: Use @eslint/object-schema instead
npm warn deprecated glob@7.2.3: Glob versions prior to v9 are no longer supported
npm warn deprecated eslint@8.57.1: This version is no longer supported. Please see https://eslint.org/version-support for other options.
Failed to compile.

./lib/api.ts:15:5
Type error: Element implicitly has an &apos;any&apos; type because expression of type &apos;&quot;Authorization&quot;&apos; can&apos;t be used to index type &apos;HeadersInit&apos;.
  Property &apos;Authorization&apos; does not exist on type &apos;HeadersInit&apos;.

[0m [90m 13 |[39m[0m
[0m [90m 14 |[39m   [36mif[39m (token) {[0m
[0m[31m[1m&gt;[22m[39m[90m 15 |[39m     headers[[32m&apos;Authorization&apos;[39m] [33m=[39m [32m`Bearer ${token}`[39m[33m;[39m[0m
[0m [90m    |[39m     [31m[1m^[22m[39m[0m
[0m [90m 16 |[39m   }[0m
[0m [90m 17 |[39m[0m
[0m [90m 18 |[39m   [36mconst[39m response [33m=[39m [36mawait[39m fetch([32m`${API_URL}${endpoint}`[39m[33m,[39m {[0m
/bin/bash -c &quot;oryx build /tmp/zipdeploy/extracted -o /home/site/wwwroot --platform nodejs --platform-version 20 -p virtualenv_name= --log-file /tmp/build-debug.log  -i /tmp/8de45cc3fb4479d -p compress_node_modules=tar-gz | tee /tmp/oryx-build.log ; exit $PIPESTATUS &quot;" stackTrace="   at Kudu.Core.Infrastructure.Executable.ExecuteInternal(ITracer tracer, Func`2 onWriteOutput, Func`2 onWriteError, CancellationToken token, Encoding encoding, String arguments, Object[] args) in /tmp/KuduLite/Kudu.Core/Infrastructure/Executable.cs:line 239
   at Kudu.Core.Infrastructure.Executable.ExecuteWithProgressWriter(ILogger logger, ITracer tracer, CancellationToken token, String arguments, Object[] args) in /tmp/KuduLite/Kudu.Core/Infrastructure/Executable.cs:line 118
   at Kudu.Core.Deployment.Generator.ExternalCommandBuilder.RunCommand(DeploymentContext context, String command, Boolean ignoreManifest, CancellationToken token, String message) in /tmp/KuduLite/Kudu.Core/Deployment/Generator/ExternalCommandBuilder.cs:line 122
   at Kudu.Core.Deployment.Generator.OryxBuilder.RunBuildCommand(IOryxArguments args, DeploymentContext context, CancellationToken token) in /tmp/KuduLite/Kudu.Core/Deployment/Generator/OryxBuilder.cs:line 295
   at Kudu.Core.Deployment.Generator.OryxBuilder.Build(DeploymentContext context, CancellationToken token) in /tmp/KuduLite/Kudu.Core/Deployment/Generator/OryxBuilder.cs:line 136
   at Kudu.Core.Deployment.DeploymentManager.Build(ChangeSet changeSet, ITracer tracer, IDisposable deployStep, IRepository repository, DeploymentInfoBase deploymentInfo, DeploymentAnalytics deploymentAnalytics, Boolean fullBuildByDefault, CancellationToken cancellationToken) in /tmp/KuduLite/Kudu.Core/Deployment/DeploymentManager.cs:line 771
   at Kudu.Core.Deployment.DeploymentManager.Build(ChangeSet changeSet, ITracer tracer, IDisposable deployStep, IRepository repository, DeploymentInfoBase deploymentInfo, DeploymentAnalytics deploymentAnalytics, Boolean fullBuildByDefault, CancellationToken cancellationToken) in /tmp/KuduLite/Kudu.Core/Deployment/DeploymentManager.cs:line 840" /><!-- duration: 8ms -->
          <step title="Cleaning up temp files" date="2025-12-28T04:54:55.052" /><!-- duration: 4915ms -->
          <step title="Cleaning up temp files" date="2025-12-28T04:54:59.976" /><!-- duration: 518ms -->
          <step title="Error occurred" date="2025-12-28T04:55:00.536" type="error" text="npm warn deprecated next@14.2.0: This version has a security vulnerability. Please upgrade to a patched version. See https://nextjs.org/blog/security-update-2025-12-11 for more details.
npm warn deprecated inflight@1.0.6: This module is not supported, and leaks memory. Do not use it. Check out lru-cache if you want a good and tested way to coalesce async requests by a key value, which is much more comprehensive and powerful.
npm warn deprecated @humanwhocodes/config-array@0.13.0: Use @eslint/config-array instead
npm warn deprecated rimraf@3.0.2: Rimraf versions prior to v4 are no longer supported
npm warn deprecated @humanwhocodes/object-schema@2.0.3: Use @eslint/object-schema instead
npm warn deprecated glob@7.2.3: Glob versions prior to v9 are no longer supported
npm warn deprecated eslint@8.57.1: This version is no longer supported. Please see https://eslint.org/version-support for other options.
Failed to compile.

./lib/api.ts:15:5
Type error: Element implicitly has an &apos;any&apos; type because expression of type &apos;&quot;Authorization&quot;&apos; can&apos;t be used to index type &apos;HeadersInit&apos;.
  Property &apos;Authorization&apos; does not exist on type &apos;HeadersInit&apos;.

[0m [90m 13 |[39m[0m
[0m [90m 14 |[39m   [36mif[39m (token) {[0m
[0m[31m[1m&gt;[22m[39m[90m 15 |[39m     headers[[32m&apos;Authorization&apos;[39m] [33m=[39m [32m`Bearer ${token}`[39m[33m;[39m[0m
[0m [90m    |[39m     [31m[1m^[22m[39m[0m
[0m [90m 16 |[39m   }[0m
[0m [90m 17 |[39m[0m
[0m [90m 18 |[39m   [36mconst[39m response [33m=[39m [36mawait[39m fetch([32m`${API_URL}${endpoint}`[39m[33m,[39m {[0m
/bin/bash -c &quot;oryx build /tmp/zipdeploy/extracted -o /home/site/wwwroot --platform nodejs --platform-version 20 -p virtualenv_name= --log-file /tmp/build-debug.log  -i /tmp/8de45cc3fb4479d -p compress_node_modules=tar-gz | tee /tmp/oryx-build.log ; exit $PIPESTATUS &quot;" stackTrace="   at Kudu.Core.Infrastructure.Executable.ExecuteInternal(ITracer tracer, Func`2 onWriteOutput, Func`2 onWriteError, CancellationToken token, Encoding encoding, String arguments, Object[] args) in /tmp/KuduLite/Kudu.Core/Infrastructure/Executable.cs:line 239
   at Kudu.Core.Infrastructure.Executable.ExecuteWithProgressWriter(ILogger logger, ITracer tracer, CancellationToken token, String arguments, Object[] args) in /tmp/KuduLite/Kudu.Core/Infrastructure/Executable.cs:line 118
   at Kudu.Core.Deployment.Generator.ExternalCommandBuilder.RunCommand(DeploymentContext context, String command, Boolean ignoreManifest, CancellationToken token, String message) in /tmp/KuduLite/Kudu.Core/Deployment/Generator/ExternalCommandBuilder.cs:line 122
   at Kudu.Core.Deployment.Generator.OryxBuilder.RunBuildCommand(IOryxArguments args, DeploymentContext context, CancellationToken token) in /tmp/KuduLite/Kudu.Core/Deployment/Generator/OryxBuilder.cs:line 295
   at Kudu.Core.Deployment.Generator.OryxBuilder.Build(DeploymentContext context, CancellationToken token) in /tmp/KuduLite/Kudu.Core/Deployment/Generator/OryxBuilder.cs:line 136
   at Kudu.Core.Deployment.DeploymentManager.Build(ChangeSet changeSet, ITracer tracer, IDisposable deployStep, IRepository repository, DeploymentInfoBase deploymentInfo, DeploymentAnalytics deploymentAnalytics, Boolean fullBuildByDefault, CancellationToken cancellationToken) in /tmp/KuduLite/Kudu.Core/Deployment/DeploymentManager.cs:line 771
   at Kudu.Core.Deployment.DeploymentManager.Build(ChangeSet changeSet, ITracer tracer, IDisposable deployStep, IRepository repository, DeploymentInfoBase deploymentInfo, DeploymentAnalytics deploymentAnalytics, Boolean fullBuildByDefault, CancellationToken cancellationToken) in /tmp/KuduLite/Kudu.Core/Deployment/DeploymentManager.cs:line 840
   at Kudu.Core.Deployment.DeploymentManager.DeployAsync(IRepository repository, ChangeSet changeSet, String deployer, Boolean clean, DeploymentInfoBase deploymentInfo, Boolean needFileUpdate, Boolean fullBuildByDefault) in /tmp/KuduLite/Kudu.Core/Deployment/DeploymentManager.cs:line 266" /><!-- duration: 6ms -->
        </step><!-- duration: 432734ms -->
        <step title="Reloading status file with latest updates" date="2025-12-28T04:55:00.605" >
          <step title="WebHooksManager.PublishEventAsync: PostDeployment" date="2025-12-28T04:55:00.618" /><!-- duration: 190ms -->
        </step><!-- duration: 210ms -->
        <step title="Error occurred" date="2025-12-28T04:55:00.821" type="error" text="npm warn deprecated next@14.2.0: This version has a security vulnerability. Please upgrade to a patched version. See https://nextjs.org/blog/security-update-2025-12-11 for more details.
npm warn deprecated inflight@1.0.6: This module is not supported, and leaks memory. Do not use it. Check out lru-cache if you want a good and tested way to coalesce async requests by a key value, which is much more comprehensive and powerful.
npm warn deprecated @humanwhocodes/config-array@0.13.0: Use @eslint/config-array instead
npm warn deprecated rimraf@3.0.2: Rimraf versions prior to v4 are no longer supported
npm warn deprecated @humanwhocodes/object-schema@2.0.3: Use @eslint/object-schema instead
npm warn deprecated glob@7.2.3: Glob versions prior to v9 are no longer supported
npm warn deprecated eslint@8.57.1: This version is no longer supported. Please see https://eslint.org/version-support for other options.
Failed to compile.

./lib/api.ts:15:5
Type error: Element implicitly has an &apos;any&apos; type because expression of type &apos;&quot;Authorization&quot;&apos; can&apos;t be used to index type &apos;HeadersInit&apos;.
  Property &apos;Authorization&apos; does not exist on type &apos;HeadersInit&apos;.

[0m [90m 13 |[39m[0m
[0m [90m 14 |[39m   [36mif[39m (token) {[0m
[0m[31m[1m&gt;[22m[39m[90m 15 |[39m     headers[[32m&apos;Authorization&apos;[39m] [33m=[39m [32m`Bearer ${token}`[39m[33m;[39m[0m
[0m [90m    |[39m     [31m[1m^[22m[39m[0m
[0m [90m 16 |[39m   }[0m
[0m [90m 17 |[39m[0m
[0m [90m 18 |[39m   [36mconst[39m response [33m=[39m [36mawait[39m fetch([32m`${API_URL}${endpoint}`[39m[33m,[39m {[0m
/bin/bash -c &quot;oryx build /tmp/zipdeploy/extracted -o /home/site/wwwroot --platform nodejs --platform-version 20 -p virtualenv_name= --log-file /tmp/build-debug.log  -i /tmp/8de45cc3fb4479d -p compress_node_modules=tar-gz | tee /tmp/oryx-build.log ; exit $PIPESTATUS &quot;" stackTrace="   at Kudu.Core.Infrastructure.Executable.ExecuteInternal(ITracer tracer, Func`2 onWriteOutput, Func`2 onWriteError, CancellationToken token, Encoding encoding, String arguments, Object[] args) in /tmp/KuduLite/Kudu.Core/Infrastructure/Executable.cs:line 239
   at Kudu.Core.Infrastructure.Executable.ExecuteWithProgressWriter(ILogger logger, ITracer tracer, CancellationToken token, String arguments, Object[] args) in /tmp/KuduLite/Kudu.Core/Infrastructure/Executable.cs:line 118
   at Kudu.Core.Deployment.Generator.ExternalCommandBuilder.RunCommand(DeploymentContext context, String command, Boolean ignoreManifest, CancellationToken token, String message) in /tmp/KuduLite/Kudu.Core/Deployment/Generator/ExternalCommandBuilder.cs:line 122
   at Kudu.Core.Deployment.Generator.OryxBuilder.RunBuildCommand(IOryxArguments args, DeploymentContext context, CancellationToken token) in /tmp/KuduLite/Kudu.Core/Deployment/Generator/OryxBuilder.cs:line 295
   at Kudu.Core.Deployment.Generator.OryxBuilder.Build(DeploymentContext context, CancellationToken token) in /tmp/KuduLite/Kudu.Core/Deployment/Generator/OryxBuilder.cs:line 136
   at Kudu.Core.Deployment.DeploymentManager.Build(ChangeSet changeSet, ITracer tracer, IDisposable deployStep, IRepository repository, DeploymentInfoBase deploymentInfo, DeploymentAnalytics deploymentAnalytics, Boolean fullBuildByDefault, CancellationToken cancellationToken) in /tmp/KuduLite/Kudu.Core/Deployment/DeploymentManager.cs:line 771
   at Kudu.Core.Deployment.DeploymentManager.Build(ChangeSet changeSet, ITracer tracer, IDisposable deployStep, IRepository repository, DeploymentInfoBase deploymentInfo, DeploymentAnalytics deploymentAnalytics, Boolean fullBuildByDefault, CancellationToken cancellationToken) in /tmp/KuduLite/Kudu.Core/Deployment/DeploymentManager.cs:line 840
   at Kudu.Core.Deployment.DeploymentManager.DeployAsync(IRepository repository, ChangeSet changeSet, String deployer, Boolean clean, DeploymentInfoBase deploymentInfo, Boolean needFileUpdate, Boolean fullBuildByDefault) in /tmp/KuduLite/Kudu.Core/Deployment/DeploymentManager.cs:line 266" /><!-- duration: 26ms -->
        <step title="Marking deployment as failed and cleaning up the temp deployment" date="2025-12-28T04:55:00.962" /><!-- duration: 5ms -->
      </step><!-- duration: 435064ms -->
      <step title="Error occurred" date="2025-12-28T04:55:01.168" type="error" text="One or more errors occurred. (Deployment failed)" stackTrace="   at System.Threading.Tasks.Task.ThrowIfExceptional(Boolean includeTaskCanceledExceptions)
   at System.Threading.Tasks.Task.Wait(Int32 millisecondsTimeout, CancellationToken cancellationToken)
   at System.Threading.Tasks.Task.Wait()
   at Kudu.Core.Deployment.FetchDeploymentManager.&lt;&gt;c__DisplayClass22_1.&lt;PerformBackgroundDeployment&gt;b__3() in /tmp/KuduLite/Kudu.Core/Deployment/FetchDeploymentManager.cs:line 414
   at Kudu.Contracts.Infrastructure.LockExtensions.TryLockOperation(IOperationLock lockObj, Action operation, String operationName, TimeSpan timeout) in /tmp/KuduLite/Kudu.Contracts/Infrastructure/LockExtensions.cs:line 34
   at Kudu.Contracts.Infrastructure.LockExtensions.LockOperation(IOperationLock lockObj, Action operation, String operationName, TimeSpan timeout) in /tmp/KuduLite/Kudu.Contracts/Infrastructure/LockExtensions.cs:line 46
   at Kudu.Core.Deployment.FetchDeploymentManager.&lt;&gt;c__DisplayClass22_0.&lt;PerformBackgroundDeployment&gt;b__1() in /tmp/KuduLite/Kudu.Core/Deployment/FetchDeploymentManager.cs:line 393" innerText="Deployment failed" innerStackTrace="   at Kudu.Core.Deployment.DeploymentManager.DeployAsync(IRepository repository, ChangeSet changeSet, String deployer, Boolean clean, DeploymentInfoBase deploymentInfo, Boolean needFileUpdate, Boolean fullBuildByDefault) in /tmp/KuduLite/Kudu.Core/Deployment/DeploymentManager.cs:line 307
   at Kudu.Core.Deployment.FetchDeploymentManager.PerformDeployment(DeploymentInfoBase deploymentInfo, IDisposable tempDeployment, ChangeSet tempChangeSet, DeployStatusApiResult updateStatusObj) in /tmp/KuduLite/Kudu.Core/Deployment/FetchDeploymentManager.cs:line 230" /><!-- duration: 8ms -->
    </step><!-- duration: 435138ms -->
