<step title="Incoming Request" date="2025-12-27T12:00:17.085" instance="978831" url="/api/publish?type=zip&amp;async=True" method="POST" type="request" pid="833,1,7" Accept="*/*" Host="hanclass-frontend.scm.azurewebsites.net" User-Agent="AZURECLI/2.81.0 (HOMEBREW)" Accept-Encoding="gzip, deflate" Authorization="Bea..." Cache-Control="no-cache" Content-Type="application/octet-stream" Cookie="ARRAffinity=978831a12b989a546f04a417ac73afab2417e3847711476ee09674c03af7af1b; ARRAffinitySameSite=978831a12b989a546f04a417ac73afab2417e3847711476ee09674c03af7af1b" Content-Length="26130" x-ms-client-request-id="97bb94e0-e31b-11f0-a017-3296fc4ad343" x-ms-artifact-checksum="35e790e15c7dac13940bff58fc0074a0462e2360ce8b88605dedcb15d1019a91" X-ARR-LOG-ID="97bb94e0-e31b-11f0-a017-3296fc4ad343" CLIENT-IP="221.140.73.24:58364" X-SITE-DEPLOYMENT-ID="hanclass-frontend" WAS-DEFAULT-HOSTNAME="hanclass-frontend.scm.azurewebsites.net" X-Forwarded-Proto="https" X-AppService-Proto="https" X-Forwarded-TlsVersion="1.3" X-WAWS-Unencoded-URL="/api/publish?type=zip&amp;async=True" X-Client-IP="221.140.73.24" X-Client-Port="58364" >
  <step title="OneDeploy" date="2025-12-27T12:00:20.877" >
    <step title="None repository commit" date="2025-12-27T12:00:21.001" >
      <step title="Commit id: 0192c9ee-27a2-4a37-bdb5-1083ec552a5e" date="2025-12-27T12:00:21.019" Message="N/A" AuthorName="N/A" AuthorEmail="N/A" /><!-- duration: 10ms -->
    </step><!-- duration: 38ms -->
    <step title="Starting PushDeployAsync" date="2025-12-27T12:00:21.049" /><!-- duration: 25ms -->
    <step title="Writing artifact to /tmp/zipdeploy/634881c9-4183-4432-ba38-74082ecf3009.zip" date="2025-12-27T12:00:21.144" >
      <step title="Writing multipart request body to /tmp/zipdeploy/634881c9-4183-4432-ba38-74082ecf3009.zip" date="2025-12-27T12:00:21.164" /><!-- duration: 19ms -->
    </step><!-- duration: 152ms -->
    <step title="Start deployment in the background" date="2025-12-27T12:00:21.353" >
      <step title="Acquiring Deployment Lock" date="2025-12-27T12:00:21.524" /><!-- duration: 40ms -->
      <step title="Acquired Deployment Lock" date="2025-12-27T12:00:21.744" /><!-- duration: 11ms -->
    </step><!-- duration: 718ms -->
  </step><!-- duration: 1222ms -->
  <step title="Outgoing response" date="2025-12-27T12:00:22.172" type="response" statusCode="202" statusText="Accepted" /><!-- duration: 10ms -->
</step><!-- duration: 5113ms -->
