<step title="Incoming Request" date="2025-12-27T09:15:39.194" instance="978831" url="/api/publish?type=zip&amp;async=True" method="POST" type="request" pid="833,1,5" Accept="*/*" Host="hanclass-frontend.scm.azurewebsites.net" User-Agent="AZURECLI/2.81.0 (HOMEBREW)" Accept-Encoding="gzip, deflate" Authorization="Bea..." Cache-Control="no-cache" Content-Type="application/octet-stream" Cookie="ARRAffinity=978831a12b989a546f04a417ac73afab2417e3847711476ee09674c03af7af1b; ARRAffinitySameSite=978831a12b989a546f04a417ac73afab2417e3847711476ee09674c03af7af1b" Content-Length="26507" x-ms-client-request-id="92084118-e304-11f0-b120-3296fc4ad343" x-ms-artifact-checksum="fe167818aea0db1cfc0e07862d31d32a4d352d12583c82840c194211d080ef05" X-ARR-LOG-ID="92084118-e304-11f0-b120-3296fc4ad343" CLIENT-IP="221.140.73.24:52246" X-SITE-DEPLOYMENT-ID="hanclass-frontend" WAS-DEFAULT-HOSTNAME="hanclass-frontend.scm.azurewebsites.net" X-Forwarded-Proto="https" X-AppService-Proto="https" X-Forwarded-TlsVersion="1.3" X-WAWS-Unencoded-URL="/api/publish?type=zip&amp;async=True" X-Client-IP="221.140.73.24" X-Client-Port="52246" >
  <step title="Cleanup Xml Logs" date="2025-12-27T09:15:39.204" /><!-- duration: 27ms -->
  <step title="OneDeploy" date="2025-12-27T09:15:39.575" >
    <step title="Starting PushDeployAsync" date="2025-12-27T09:15:39.687" /><!-- duration: 46ms -->
    <step title="Writing artifact to /tmp/zipdeploy/30a283b4-a182-4164-a7a5-514b3047247e.zip" date="2025-12-27T09:15:40.147" >
      <step title="Writing multipart request body to /tmp/zipdeploy/30a283b4-a182-4164-a7a5-514b3047247e.zip" date="2025-12-27T09:15:40.363" /><!-- duration: 66ms -->
    </step><!-- duration: 1536ms -->
    <step title="Start deployment in the background" date="2025-12-27T09:15:41.806" >
      <step title="Acquiring Deployment Lock" date="2025-12-27T09:15:42.432" /><!-- duration: 69ms -->
      <step title="Acquired Deployment Lock" date="2025-12-27T09:15:43.067" /><!-- duration: 46ms -->
    </step><!-- duration: 2810ms -->
  </step><!-- duration: 5769ms -->
  <step title="Outgoing response" date="2025-12-27T09:15:46.189" type="response" statusCode="202" statusText="Accepted" /><!-- duration: 71ms -->
</step><!-- duration: 7086ms -->
