<step title="Incoming Request" date="2025-12-28T06:10:12.421" instance="978831" url="/api/deployments/latest" method="GET" type="request" pid="835,1,36" Accept="*/*" Host="hanclass-frontend.scm.azurewebsites.net" User-Agent="AZURECLI/2.81.0 (HOMEBREW)" Accept-Encoding="gzip, deflate" Authorization="Bea..." x-ms-client-request-id="d8ec4da4-e3b3-11f0-bf88-3296fc4ad343" X-ARR-LOG-ID="d8ec4da4-e3b3-11f0-bf88-3296fc4ad343" CLIENT-IP="118.131.67.58:50690" X-SITE-DEPLOYMENT-ID="hanclass-frontend" WAS-DEFAULT-HOSTNAME="hanclass-frontend.scm.azurewebsites.net" X-Forwarded-Proto="https" X-AppService-Proto="https" X-Forwarded-TlsVersion="1.3" X-WAWS-Unencoded-URL="/api/deployments/latest" X-Client-IP="118.131.67.58" X-Client-Port="50690" >
  <step title="Cleanup Xml Logs" date="2025-12-28T06:10:12.442" >
    <step title="Cleanup Infos" date="2025-12-28T06:10:12.542" totalFiles="294" totalCleanup="134" /><!-- duration: 21ms -->
  </step><!-- duration: 138ms -->
  <step title="DeploymentService.GetResult" date="2025-12-28T06:10:12.871" >
    <step title="DeploymentService.GetLatestDeployment" date="2025-12-28T06:10:12.929" >
      <step title="DeploymentManager.GetResults" date="2025-12-28T06:10:13.003" /><!-- duration: 2281ms -->
    </step><!-- duration: 2479ms -->
  </step><!-- duration: 2545ms -->
  <step title="Outgoing response" date="2025-12-28T06:10:15.436" type="response" statusCode="202" statusText="Accepted" /><!-- duration: 4ms -->
</step><!-- duration: 3027ms -->
