<step title="Incoming Request" date="2025-12-27T10:51:38.139" instance="978831" url="/api/publish?type=zip&amp;async=True" method="POST" type="request" pid="835,1,24" Accept="*/*" Host="hanclass-frontend.scm.azurewebsites.net" User-Agent="AZURECLI/2.81.0 (HOMEBREW)" Accept-Encoding="gzip, deflate" Authorization="Bea..." Cache-Control="no-cache" Content-Type="application/octet-stream" Cookie="ARRAffinity=978831a12b989a546f04a417ac73afab2417e3847711476ee09674c03af7af1b; ARRAffinitySameSite=978831a12b989a546f04a417ac73afab2417e3847711476ee09674c03af7af1b" Content-Length="26047" x-ms-client-request-id="02e21bf4-e312-11f0-a2bc-3296fc4ad343" x-ms-artifact-checksum="cbc47afdadd6fae90e5cc7b65cfdbaecd71e20652bbecae41ffd99239c7ce566" X-ARR-LOG-ID="02e21bf4-e312-11f0-a2bc-3296fc4ad343" CLIENT-IP="221.140.73.24:55539" X-SITE-DEPLOYMENT-ID="hanclass-frontend" WAS-DEFAULT-HOSTNAME="hanclass-frontend.scm.azurewebsites.net" X-Forwarded-Proto="https" X-AppService-Proto="https" X-Forwarded-TlsVersion="1.3" X-WAWS-Unencoded-URL="/api/publish?type=zip&amp;async=True" X-Client-IP="221.140.73.24" X-Client-Port="55539" >
  <step title="OneDeploy" date="2025-12-27T10:51:38.231" >
    <step title="None repository commit" date="2025-12-27T10:51:38.243" >
      <step title="Commit id: 97c33350-ccb4-48d5-9498-2333f12ae04b" date="2025-12-27T10:51:38.248" Message="N/A" AuthorName="N/A" AuthorEmail="N/A" /><!-- duration: 4ms -->
    </step><!-- duration: 12ms -->
    <step title="Starting PushDeployAsync" date="2025-12-27T10:51:38.259" /><!-- duration: 4ms -->
    <step title="Writing artifact to /tmp/zipdeploy/4c4601e8-35f0-4fc2-a0b0-401465351a25.zip" date="2025-12-27T10:51:38.307" >
      <step title="Writing multipart request body to /tmp/zipdeploy/4c4601e8-35f0-4fc2-a0b0-401465351a25.zip" date="2025-12-27T10:51:38.312" /><!-- duration: 6ms -->
    </step><!-- duration: 113ms -->
    <step title="Start deployment in the background" date="2025-12-27T10:51:38.434" >
      <step title="Acquiring Deployment Lock" date="2025-12-27T10:51:38.471" /><!-- duration: 4ms -->
      <step title="Acquired Deployment Lock" date="2025-12-27T10:51:38.522" /><!-- duration: 5ms -->
    </step><!-- duration: 206ms -->
  </step><!-- duration: 416ms -->
  <step title="Outgoing response" date="2025-12-27T10:51:38.654" type="response" statusCode="202" statusText="Accepted" /><!-- duration: 7ms -->
</step><!-- duration: 527ms -->
