<step title="Incoming Request" date="2025-12-28T05:01:40.903" instance="978831" url="/api/publish?type=zip&amp;async=True" method="POST" type="request" pid="833,1,5" Accept="*/*" Host="hanclass-frontend.scm.azurewebsites.net" User-Agent="AZURECLI/2.81.0 (HOMEBREW)" Accept-Encoding="gzip, deflate" Authorization="Bea..." Cache-Control="no-cache" Content-Type="application/octet-stream" Cookie="ARRAffinity=978831a12b989a546f04a417ac73afab2417e3847711476ee09674c03af7af1b; ARRAffinitySameSite=978831a12b989a546f04a417ac73afab2417e3847711476ee09674c03af7af1b" Content-Length="26272" x-ms-client-request-id="48d0a99e-e3aa-11f0-bc16-3296fc4ad343" x-ms-artifact-checksum="0ad0d1244ffd1e75a7ecfd7ac46cf5e36fb8ec24c6fadcb68099ada58a247a9c" X-ARR-LOG-ID="48d0a99e-e3aa-11f0-bc16-3296fc4ad343" CLIENT-IP="118.131.67.58:50662" X-SITE-DEPLOYMENT-ID="hanclass-frontend" WAS-DEFAULT-HOSTNAME="hanclass-frontend.scm.azurewebsites.net" X-Forwarded-Proto="https" X-AppService-Proto="https" X-Forwarded-TlsVersion="1.3" X-WAWS-Unencoded-URL="/api/publish?type=zip&amp;async=True" X-Client-IP="118.131.67.58" X-Client-Port="50662" >
  <step title="OneDeploy" date="2025-12-28T05:01:41.081" >
    <step title="Starting PushDeployAsync" date="2025-12-28T05:01:41.164" /><!-- duration: 28ms -->
    <step title="Writing artifact to /tmp/zipdeploy/5e9b10fe-bc94-4908-9c91-62760037cff2.zip" date="2025-12-28T05:01:41.242" >
      <step title="Writing multipart request body to /tmp/zipdeploy/5e9b10fe-bc94-4908-9c91-62760037cff2.zip" date="2025-12-28T05:01:41.254" /><!-- duration: 24ms -->
    </step><!-- duration: 276ms -->
    <step title="Start deployment in the background" date="2025-12-28T05:01:41.557" >
      <step title="Acquiring Deployment Lock" date="2025-12-28T05:01:41.686" /><!-- duration: 17ms -->
      <step title="Acquired Deployment Lock" date="2025-12-28T05:01:41.789" /><!-- duration: 12ms -->
    </step><!-- duration: 531ms -->
  </step><!-- duration: 1048ms -->
  <step title="Outgoing response" date="2025-12-28T05:01:42.158" type="response" statusCode="202" statusText="Accepted" /><!-- duration: 10ms -->
</step><!-- duration: 1275ms -->
