<step title="Incoming Request" date="2025-12-28T04:09:01.553" instance="978831" url="/api/publish?type=zip&amp;async=True" method="POST" type="request" pid="833,1,23" Accept="*/*" Host="hanclass-frontend.scm.azurewebsites.net" User-Agent="AZURECLI/2.81.0 (HOMEBREW)" Accept-Encoding="gzip, deflate" Authorization="Bea..." Cache-Control="no-cache" Content-Type="application/octet-stream" Cookie="ARRAffinity=978831a12b989a546f04a417ac73afab2417e3847711476ee09674c03af7af1b; ARRAffinitySameSite=978831a12b989a546f04a417ac73afab2417e3847711476ee09674c03af7af1b" Content-Length="26029" x-ms-client-request-id="ee8351a0-e3a2-11f0-a762-3296fc4ad343" x-ms-artifact-checksum="8e99add2f241ca59cc7c89dd2d8fa7dbd7503255430063eb482206827eb00dc7" X-ARR-LOG-ID="ee8351a0-e3a2-11f0-a762-3296fc4ad343" CLIENT-IP="118.131.67.58:51268" X-SITE-DEPLOYMENT-ID="hanclass-frontend" WAS-DEFAULT-HOSTNAME="hanclass-frontend.scm.azurewebsites.net" X-Forwarded-Proto="https" X-AppService-Proto="https" X-Forwarded-TlsVersion="1.3" X-WAWS-Unencoded-URL="/api/publish?type=zip&amp;async=True" X-Client-IP="118.131.67.58" X-Client-Port="51268" >
  <step title="OneDeploy" date="2025-12-28T04:09:01.669" >
    <step title="Starting PushDeployAsync" date="2025-12-28T04:09:01.682" /><!-- duration: 6ms -->
    <step title="Writing artifact to /tmp/zipdeploy/fbb46d2a-d187-4676-802e-a489f803a1f9.zip" date="2025-12-28T04:09:01.706" >
      <step title="Writing multipart request body to /tmp/zipdeploy/fbb46d2a-d187-4676-802e-a489f803a1f9.zip" date="2025-12-28T04:09:01.713" /><!-- duration: 6ms -->
    </step><!-- duration: 93ms -->
    <step title="Start deployment in the background" date="2025-12-28T04:09:01.904" >
      <step title="Acquiring Deployment Lock" date="2025-12-28T04:09:01.970" /><!-- duration: 30ms -->
      <step title="Acquired Deployment Lock" date="2025-12-28T04:09:02.132" /><!-- duration: 5ms -->
    </step><!-- duration: 327ms -->
  </step><!-- duration: 577ms -->
  <step title="Outgoing response" date="2025-12-28T04:09:02.254" type="response" statusCode="202" statusText="Accepted" /><!-- duration: 5ms -->
</step><!-- duration: 712ms -->
