<step title="Incoming Request" date="2025-12-27T09:32:52.479" instance="978831" url="/api/publish?type=zip&amp;async=True" method="POST" type="request" pid="833,1,5" Accept="*/*" Host="hanclass-frontend.scm.azurewebsites.net" User-Agent="AZURECLI/2.81.0 (HOMEBREW)" Accept-Encoding="gzip, deflate" Authorization="Bea..." Cache-Control="no-cache" Content-Type="application/octet-stream" Cookie="ARRAffinity=978831a12b989a546f04a417ac73afab2417e3847711476ee09674c03af7af1b; ARRAffinitySameSite=978831a12b989a546f04a417ac73afab2417e3847711476ee09674c03af7af1b" Content-Length="26906" x-ms-client-request-id="d829c228-e306-11f0-9e06-3296fc4ad343" x-ms-artifact-checksum="c8971c3980a69e9c311d135fd9f0c3adac2bc9099737359ec74bafe8933b0b79" X-ARR-LOG-ID="d829c228-e306-11f0-9e06-3296fc4ad343" CLIENT-IP="221.140.73.24:52811" X-SITE-DEPLOYMENT-ID="hanclass-frontend" WAS-DEFAULT-HOSTNAME="hanclass-frontend.scm.azurewebsites.net" X-Forwarded-Proto="https" X-AppService-Proto="https" X-Forwarded-TlsVersion="1.3" X-WAWS-Unencoded-URL="/api/publish?type=zip&amp;async=True" X-Client-IP="221.140.73.24" X-Client-Port="52811" >
  <step title="OneDeploy" date="2025-12-27T09:32:53.336" >
    <step title="None repository commit" date="2025-12-27T09:32:53.373" >
      <step title="Commit id: 62e123e8-f9cc-4179-b10a-10691dae4e66" date="2025-12-27T09:32:53.385" Message="N/A" AuthorName="N/A" AuthorEmail="N/A" /><!-- duration: 5ms -->
    </step><!-- duration: 21ms -->
    <step title="Starting PushDeployAsync" date="2025-12-27T09:32:53.400" /><!-- duration: 4ms -->
    <step title="Writing artifact to /tmp/zipdeploy/fa241283-4c82-447c-a17e-406a099b9f67.zip" date="2025-12-27T09:32:53.442" >
      <step title="Writing multipart request body to /tmp/zipdeploy/fa241283-4c82-447c-a17e-406a099b9f67.zip" date="2025-12-27T09:32:53.447" /><!-- duration: 5ms -->
    </step><!-- duration: 117ms -->
    <step title="Start deployment in the background" date="2025-12-27T09:32:53.586" >
      <step title="Acquiring Deployment Lock" date="2025-12-27T09:32:53.607" /><!-- duration: 10ms -->
      <step title="Acquired Deployment Lock" date="2025-12-27T09:32:53.714" /><!-- duration: 17ms -->
    </step><!-- duration: 256ms -->
  </step><!-- duration: 515ms -->
  <step title="Outgoing response" date="2025-12-27T09:32:53.876" type="response" statusCode="202" statusText="Accepted" /><!-- duration: 4ms -->
</step><!-- duration: 1406ms -->
