<step title="Incoming Request" date="2025-12-27T08:33:46.331" instance="469eb3" url="/api/zipdeploy?isAsync=true" method="POST" type="request" pid="832,1,7" Accept="*/*" Host="hanclass-frontend.scm.azurewebsites.net" User-Agent="AZURECLI/2.81.0 (HOMEBREW)" Accept-Encoding="gzip, deflate" Authorization="Bea..." Cache-Control="no-cache" Content-Type="application/octet-stream" Content-Length="25981" x-ms-client-request-id="af8c1a9e-e2fe-11f0-ab4d-3296fc4ad343" x-ms-artifact-checksum="81ea46700389815a5f9b14066b0a3bd442da54f13738d130f88f265716d3e7fc" X-ARR-LOG-ID="af8c1a9e-e2fe-11f0-ab4d-3296fc4ad343" CLIENT-IP="221.140.73.24:50208" X-SITE-DEPLOYMENT-ID="hanclass-frontend" WAS-DEFAULT-HOSTNAME="hanclass-frontend.scm.azurewebsites.net" X-Forwarded-Proto="https" X-AppService-Proto="https" X-Forwarded-TlsVersion="1.3" X-WAWS-Unencoded-URL="/api/zipdeploy?isAsync=true" X-Client-IP="221.140.73.24" X-Client-Port="50208" >
  <step title="ZipPushDeploy" date="2025-12-27T08:33:47.275" >
    <step title="ZipDeploy. Extract zip. Remote build." date="2025-12-27T08:33:47.289" /><!-- duration: 6ms -->
    <step title="None repository commit" date="2025-12-27T08:33:47.304" >
      <step title="Commit id: cd42bf97-2533-4944-92be-f38270397978" date="2025-12-27T08:33:47.309" Message="N/A" AuthorName="N/A" AuthorEmail="N/A" /><!-- duration: 5ms -->
    </step><!-- duration: 16ms -->
    <step title="Starting PushDeployAsync" date="2025-12-27T08:33:47.333" /><!-- duration: 10ms -->
    <step title="Writing artifact to /tmp/zipdeploy/80e8a8c8-7855-490e-8dad-749472044e86.zip" date="2025-12-27T08:33:47.366" >
      <step title="Writing multipart request body to /tmp/zipdeploy/80e8a8c8-7855-490e-8dad-749472044e86.zip" date="2025-12-27T08:33:47.372" /><!-- duration: 11ms -->
    </step><!-- duration: 48ms -->
    <step title="Start deployment in the background" date="2025-12-27T08:33:47.431" >
      <step title="Acquiring Deployment Lock" date="2025-12-27T08:33:47.464" /><!-- duration: 10ms -->
      <step title="Acquired Deployment Lock" date="2025-12-27T08:33:47.558" /><!-- duration: 6ms -->
    </step><!-- duration: 265ms -->
  </step><!-- duration: 433ms -->
  <step title="Outgoing response" date="2025-12-27T08:33:47.729" type="response" statusCode="202" statusText="Accepted" /><!-- duration: 10ms -->
</step><!-- duration: 1418ms -->
