<step title="Incoming Request" date="2025-12-28T04:09:06.713" instance="978831" url="/api/deployments/latest" method="GET" type="request" pid="833,1,39" Accept="*/*" Host="hanclass-frontend.scm.azurewebsites.net" User-Agent="AZURECLI/2.81.0 (HOMEBREW)" Accept-Encoding="gzip, deflate" Authorization="Bea..." x-ms-client-request-id="ee8351a0-e3a2-11f0-a762-3296fc4ad343" X-ARR-LOG-ID="ee8351a0-e3a2-11f0-a762-3296fc4ad343" CLIENT-IP="118.131.67.58:51288" X-SITE-DEPLOYMENT-ID="hanclass-frontend" WAS-DEFAULT-HOSTNAME="hanclass-frontend.scm.azurewebsites.net" X-Forwarded-Proto="https" X-AppService-Proto="https" X-Forwarded-TlsVersion="1.3" X-WAWS-Unencoded-URL="/api/deployments/latest" X-Client-IP="118.131.67.58" X-Client-Port="51288" >
  <step title="Cleanup Xml Logs" date="2025-12-28T04:09:06.726" >
    <step title="Cleanup Infos" date="2025-12-28T04:09:06.740" totalFiles="219" totalCleanup="59" /><!-- duration: 7ms -->
  </step><!-- duration: 47ms -->
  <step title="DeploymentService.GetResult" date="2025-12-28T04:09:06.790" >
    <step title="DeploymentService.GetLatestDeployment" date="2025-12-28T04:09:06.809" >
      <step title="DeploymentManager.GetResults" date="2025-12-28T04:09:06.824" /><!-- duration: 567ms -->
    </step><!-- duration: 587ms -->
  </step><!-- duration: 611ms -->
  <step title="Outgoing response" date="2025-12-28T04:09:07.407" type="response" statusCode="202" statusText="Accepted" /><!-- duration: 5ms -->
</step><!-- duration: 704ms -->
