<step title="Incoming Request" date="2025-12-28T06:10:07.832" instance="978831" url="/api/publish?type=zip&amp;async=True" method="POST" type="request" pid="835,1,35" Accept="*/*" Host="hanclass-frontend.scm.azurewebsites.net" User-Agent="AZURECLI/2.81.0 (HOMEBREW)" Accept-Encoding="gzip, deflate" Authorization="Bea..." Cache-Control="no-cache" Content-Type="application/octet-stream" Cookie="ARRAffinity=978831a12b989a546f04a417ac73afab2417e3847711476ee09674c03af7af1b; ARRAffinitySameSite=978831a12b989a546f04a417ac73afab2417e3847711476ee09674c03af7af1b" Content-Length="26271" x-ms-client-request-id="d8ec4da4-e3b3-11f0-bf88-3296fc4ad343" x-ms-artifact-checksum="f13aecb48ebf973689d3d5dbd68456d6903a0e645e96800694ac75c286d42f73" X-ARR-LOG-ID="d8ec4da4-e3b3-11f0-bf88-3296fc4ad343" CLIENT-IP="118.131.67.58:50666" X-SITE-DEPLOYMENT-ID="hanclass-frontend" WAS-DEFAULT-HOSTNAME="hanclass-frontend.scm.azurewebsites.net" X-Forwarded-Proto="https" X-AppService-Proto="https" X-Forwarded-TlsVersion="1.3" X-WAWS-Unencoded-URL="/api/publish?type=zip&amp;async=True" X-Client-IP="118.131.67.58" X-Client-Port="50666" >
  <step title="OneDeploy" date="2025-12-28T06:10:08.005" >
    <step title="None repository commit" date="2025-12-28T06:10:08.024" >
      <step title="Commit id: cf639c17-ba87-456a-a8a4-d7fa29b6de1e" date="2025-12-28T06:10:08.035" Message="N/A" AuthorName="N/A" AuthorEmail="N/A" /><!-- duration: 5ms -->
    </step><!-- duration: 21ms -->
    <step title="Starting PushDeployAsync" date="2025-12-28T06:10:08.053" /><!-- duration: 8ms -->
    <step title="Writing artifact to /tmp/zipdeploy/b7e239ae-41ce-43e2-b52d-bb17a5138884.zip" date="2025-12-28T06:10:08.108" >
      <step title="Writing multipart request body to /tmp/zipdeploy/b7e239ae-41ce-43e2-b52d-bb17a5138884.zip" date="2025-12-28T06:10:08.115" /><!-- duration: 12ms -->
    </step><!-- duration: 309ms -->
    <step title="Start deployment in the background" date="2025-12-28T06:10:08.433" >
      <step title="Acquiring Deployment Lock" date="2025-12-28T06:10:08.544" /><!-- duration: 10ms -->
      <step title="Acquired Deployment Lock" date="2025-12-28T06:10:08.801" /><!-- duration: 8ms -->
    </step><!-- duration: 572ms -->
  </step><!-- duration: 1105ms -->
  <step title="Outgoing response" date="2025-12-28T06:10:09.137" type="response" statusCode="202" statusText="Accepted" /><!-- duration: 10ms -->
</step><!-- duration: 1325ms -->
