<step title="Incoming Request" date="2025-12-28T04:47:45.459" instance="978831" url="/api/deployments/latest" method="GET" type="request" pid="833,1,17" Accept="*/*" Host="hanclass-frontend.scm.azurewebsites.net" User-Agent="AZURECLI/2.81.0 (HOMEBREW)" Accept-Encoding="gzip, deflate" Authorization="Bea..." x-ms-client-request-id="54e98518-e3a8-11f0-8722-3296fc4ad343" X-ARR-LOG-ID="54e98518-e3a8-11f0-8722-3296fc4ad343" CLIENT-IP="118.131.67.58:62902" X-SITE-DEPLOYMENT-ID="hanclass-frontend" WAS-DEFAULT-HOSTNAME="hanclass-frontend.scm.azurewebsites.net" X-Forwarded-Proto="https" X-AppService-Proto="https" X-Forwarded-TlsVersion="1.3" X-WAWS-Unencoded-URL="/api/deployments/latest" X-Client-IP="118.131.67.58" X-Client-Port="62902" >
  <step title="Cleanup Xml Logs" date="2025-12-28T04:47:45.463" >
    <step title="Cleanup Infos" date="2025-12-28T04:47:45.477" totalFiles="248" totalCleanup="88" /><!-- duration: 8ms -->
  </step><!-- duration: 28ms -->
  <step title="DeploymentService.GetResult" date="2025-12-28T04:47:45.507" >
    <step title="DeploymentService.GetLatestDeployment" date="2025-12-28T04:47:45.514" >
      <step title="DeploymentManager.GetResults" date="2025-12-28T04:47:45.521" /><!-- duration: 1011ms -->
    </step><!-- duration: 1035ms -->
  </step><!-- duration: 1049ms -->
  <step title="Outgoing response" date="2025-12-28T04:47:46.563" type="response" statusCode="202" statusText="Accepted" /><!-- duration: 5ms -->
</step><!-- duration: 1114ms -->
