<step title="BackgroundTrace" date="2025-12-27T09:32:53.593" instance="978831" url="/api/publish" method="POST" >
  <step title="Creating temporary deployment - FetchDeploymentManager" date="2025-12-27T09:32:53.750" /><!-- duration: 5ms -->
  <step title="Creating temporary deployment" date="2025-12-27T09:32:53.762" /><!-- duration: 75ms -->
  <step title="Performing fetch based deployment" date="2025-12-27T09:32:53.917" >
    <step title="Cleaning up temp folders from previous zip deployments and extracting pushed zip file /tmp/zipdeploy/fa241283-4c82-447c-a17e-406a099b9f67.zip (0.03 MB) to /tmp/zipdeploy/extracted" date="2025-12-27T09:32:55.157" >
      <step title="ChmodRecursive Process exited with total time taken in ms: 124" date="2025-12-27T09:32:55.341" /><!-- duration: 18ms -->
    </step><!-- duration: 207ms -->
    <step title="Deployment timer started" date="2025-12-27T09:32:57.377" >
      <step title="DeploymentManager.Deploy(id:62e123e8-f9cc-4179-b10a-10691dae4e66)" date="2025-12-27T09:32:57.402" >
        <step title="Collecting changeset information" date="2025-12-27T09:32:57.445" /><!-- duration: 135ms -->
        <step title="Updating submodules" date="2025-12-27T09:32:57.588" /><!-- duration: 1129ms -->
        <step title="Determining deployment builder" date="2025-12-27T09:32:58.980" >
          <step title="Builder is OryxBuilder" date="2025-12-27T09:32:59.000" /><!-- duration: 5ms -->
        </step><!-- duration: 31ms -->
        <step title="PreDeployment: context.CleanOutputPath False" date="2025-12-27T09:32:59.083" >
          <step title="PreDeployment: context.OutputPath /home/site/wwwroot" date="2025-12-27T09:32:59.219" >
            <step title="Building" date="2025-12-27T09:32:59.367" >
              <step title="Executing external process" date="2025-12-27T09:32:59.776" type="process" path="bash" arguments="-c &quot;oryx build /tmp/zipdeploy/extracted -o /home/site/wwwroot --platform nodejs --platform-version 20 -p virtualenv_name= --log-file /tmp/build-debug.log  -i /tmp/8de452aec661718 -p compress_node_modules=tar-gz | tee /tmp/oryx-build.log ; exit $PIPESTATUS &quot;" >
                <step title="Cpu: npm install(992,22.810s)+build.sh(880,0.050s)+oryx(861,7.990s)+tee(862,0.000s)+bash(860,0.000s)=total(30.840s)" date="2025-12-27T09:34:48.813" /><!-- duration: 39ms -->
                <step title="bash: no io activity for 61s, prev-cpu=-1.000s, current-cpu=30.840s" date="2025-12-27T09:34:48.897" /><!-- duration: 12ms -->
                <step title="Cpu: npm install(992,41.730s)+build.sh(880,0.050s)+oryx(861,8.090s)+tee(862,0.000s)+bash(860,0.000s)=total(49.850s)" date="2025-12-27T09:35:49.735" /><!-- duration: 17ms -->
                <step title="bash: no io activity for 122s, prev-cpu=30.840s, current-cpu=49.850s" date="2025-12-27T09:35:49.772" /><!-- duration: 11ms -->
                <step title="Cpu: npm install(992,62.900s)+build.sh(880,0.050s)+oryx(861,8.220s)+tee(862,0.000s)+bash(860,0.000s)=total(70.790s)" date="2025-12-27T09:36:54.290" /><!-- duration: 150ms -->
                <step title="bash: no io activity for 183s, prev-cpu=49.850s, current-cpu=70.790s" date="2025-12-27T09:36:54.736" /><!-- duration: 19ms -->
                <step title="Cpu: npm install(992,69.880s)+build.sh(880,0.050s)+oryx(861,8.360s)+tee(862,0.000s)+bash(860,0.000s)=total(78.260s)" date="2025-12-27T09:37:58.268" /><!-- duration: 177ms -->
                <step title="bash: no io activity for 248s, prev-cpu=70.790s, current-cpu=78.260s" date="2025-12-27T09:37:58.693" /><!-- duration: 177ms -->
                <step title="Cpu: npm install(992,80.410s)+build.sh(880,0.050s)+oryx(861,8.440s)+tee(862,0.000s)+bash(860,0.000s)=total(88.880s)" date="2025-12-27T09:38:59.222" /><!-- duration: 65ms -->
                <step title="bash: no io activity for 312s, prev-cpu=78.260s, current-cpu=88.880s" date="2025-12-27T09:38:59.409" /><!-- duration: 30ms -->
                <step title="Cpu: node(1153,26.570s)+node(1136,4.340s)+sh(1135,0.000s)+npm run build(1123,0.870s)+sh(1122,0.020s)+npm install(992,83.330s)+build.sh(880,0.050s)+oryx(861,8.880s)+tee(862,0.000s)+bash(860,0.000s)=total(124.060s)" date="2025-12-27T09:40:22.706" /><!-- duration: 24ms -->
                <step title="bash: no io activity for 61s, prev-cpu=-1.000s, current-cpu=124.060s" date="2025-12-27T09:40:23.155" /><!-- duration: 31ms -->
                <step title="Process dump" date="2025-12-27T09:40:58.370" exitCode="1" type="processOutput" /><!-- duration: 9ms -->
              </step><!-- duration: 478610ms -->
              <step title="Error occurred" date="2025-12-27T09:40:58.467" type="error" text="npm warn deprecated next@14.2.0: This version has a security vulnerability. Please upgrade to a patched version. See https://nextjs.org/blog/security-update-2025-12-11 for more details.
Failed to compile.

app/layout.tsx
An error occurred in `next/font`.

Error: Cannot find module &apos;tailwindcss&apos;
Require stack:
- /tmp/8de452aec661718/node_modules/next/dist/build/webpack/config/blocks/css/plugins.js
- /tmp/8de452aec661718/node_modules/next/dist/build/webpack/config/blocks/css/index.js
- /tmp/8de452aec661718/node_modules/next/dist/build/webpack/config/index.js
- /tmp/8de452aec661718/node_modules/next/dist/build/webpack-config.js
- /tmp/8de452aec661718/node_modules/next/dist/build/webpack-build/impl.js
- /tmp/8de452aec661718/node_modules/next/dist/compiled/jest-worker/processChild.js
    at Module._resolveFilename (node:internal/modules/cjs/loader:1207:15)
    at /tmp/8de452aec661718/node_modules/next/dist/server/require-hook.js:55:36
    at Function.resolve (node:internal/modules/helpers:193:19)
    at loadPlugin (/tmp/8de452aec661718/node_modules/next/dist/build/webpack/config/blocks/css/plugins.js:49:32)
    at /tmp/8de452aec661718/node_modules/next/dist/build/webpack/config/blocks/css/plugins.js:157:56
    at Array.map (&lt;anonymous&gt;)
    at getPostCssPlugins (/tmp/8de452aec661718/node_modules/next/dist/build/webpack/config/blocks/css/plugins.js:157:47)
    at async /tmp/8de452aec661718/node_modules/next/dist/build/webpack/config/blocks/css/index.js:124:36
    at async /tmp/8de452aec661718/node_modules/next/dist/build/webpack/loaders/next-font-loader/index.js:86:33
    at async Span.traceAsyncFn (/tmp/8de452aec661718/node_modules/next/dist/trace/trace.js:154:20)

./app/admin/api-keys/page.tsx
Module not found: Can&apos;t resolve &apos;@/lib/api&apos;

https://nextjs.org/docs/messages/module-not-found

./app/conversation/page.tsx
Module not found: Can&apos;t resolve &apos;@/components/ChatInterface&apos;

https://nextjs.org/docs/messages/module-not-found

./app/level-test/page.tsx
Module not found: Can&apos;t resolve &apos;@/components/VoiceRecorder&apos;

https://nextjs.org/docs/messages/module-not-found

./app/word-game/page.tsx
Module not found: Can&apos;t resolve &apos;@/components/VoiceRecorder&apos;

https://nextjs.org/docs/messages/module-not-found


&gt; Build failed because of webpack errors
Failed to compile.

app/layout.tsx
An error occurred in `next/font`.

Error: Cannot find module &apos;tailwindcss&apos;
Require stack:
- /tmp/8de452aec661718/node_modules/next/dist/build/webpack/config/blocks/css/plugins.js
- /tmp/8de452aec661718/node_modules/next/dist/build/webpack/config/blocks/css/index.js
- /tmp/8de452aec661718/node_modules/next/dist/build/webpack/config/index.js
- /tmp/8de452aec661718/node_modules/next/dist/build/webpack-config.js
- /tmp/8de452aec661718/node_modules/next/dist/build/webpack-build/impl.js
- /tmp/8de452aec661718/node_modules/next/dist/compiled/jest-worker/processChild.js
    at Module._resolveFilename (node:internal/modules/cjs/loader:1207:15)
    at /tmp/8de452aec661718/node_modules/next/dist/server/require-hook.js:55:36
    at Function.resolve (node:internal/modules/helpers:193:19)
    at loadPlugin (/tmp/8de452aec661718/node_modules/next/dist/build/webpack/config/blocks/css/plugins.js:49:32)
    at /tmp/8de452aec661718/node_modules/next/dist/build/webpack/config/blocks/css/plugins.js:157:56
    at Array.map (&lt;anonymous&gt;)
    at getPostCssPlugins (/tmp/8de452aec661718/node_modules/next/dist/build/webpack/config/blocks/css/plugins.js:157:47)
    at async /tmp/8de452aec661718/node_modules/next/dist/build/webpack/config/blocks/css/index.js:124:36
    at async /tmp/8de452aec661718/node_modules/next/dist/build/webpack/loaders/next-font-loader/index.js:86:33
    at async Span.traceAsyncFn (/tmp/8de452aec661718/node_modules/next/dist/trace/trace.js:154:20)

./app/admin/api-keys/page.tsx
Module not found: Can&apos;t resolve &apos;@/lib/api&apos;

https://nextjs.org/docs/messages/module-not-found

./app/conversation/page.tsx
Module not found: Can&apos;t resolve &apos;@/components/ChatInterface&apos;

https://nextjs.org/docs/messages/module-not-found

./app/level-test/page.tsx
Module not found: Can&apos;t resolve &apos;@/components/VoiceRecorder&apos;

https://nextjs.org/docs/messages/module-not-found

./app/word-game/page.tsx
Module not found: Can&apos;t resolve &apos;@/components/VoiceRecorder&apos;

https://nextjs.org/docs/messages/module-not-found


&gt; Build failed because of webpack errors
/bin/bash -c &quot;oryx build /tmp/zipdeploy/extracted -o /home/site/wwwroot --platform nodejs --platform-version 20 -p virtualenv_name= --log-file /tmp/build-debug.log  -i /tmp/8de452aec661718 -p compress_node_modules=tar-gz | tee /tmp/oryx-build.log ; exit $PIPESTATUS &quot;" stackTrace="   at Kudu.Core.Infrastructure.Executable.ExecuteInternal(ITracer tracer, Func`2 onWriteOutput, Func`2 onWriteError, CancellationToken token, Encoding encoding, String arguments, Object[] args) in /tmp/KuduLite/Kudu.Core/Infrastructure/Executable.cs:line 239
   at Kudu.Core.Infrastructure.Executable.ExecuteWithProgressWriter(ILogger logger, ITracer tracer, CancellationToken token, String arguments, Object[] args) in /tmp/KuduLite/Kudu.Core/Infrastructure/Executable.cs:line 118
   at Kudu.Core.Deployment.Generator.ExternalCommandBuilder.RunCommand(DeploymentContext context, String command, Boolean ignoreManifest, CancellationToken token, String message) in /tmp/KuduLite/Kudu.Core/Deployment/Generator/ExternalCommandBuilder.cs:line 122" /><!-- duration: 12ms -->
              <step title="Error occurred" date="2025-12-27T09:40:59.171" type="error" text="npm warn deprecated next@14.2.0: This version has a security vulnerability. Please upgrade to a patched version. See https://nextjs.org/blog/security-update-2025-12-11 for more details.
Failed to compile.

app/layout.tsx
An error occurred in `next/font`.

Error: Cannot find module &apos;tailwindcss&apos;
Require stack:
- /tmp/8de452aec661718/node_modules/next/dist/build/webpack/config/blocks/css/plugins.js
- /tmp/8de452aec661718/node_modules/next/dist/build/webpack/config/blocks/css/index.js
- /tmp/8de452aec661718/node_modules/next/dist/build/webpack/config/index.js
- /tmp/8de452aec661718/node_modules/next/dist/build/webpack-config.js
- /tmp/8de452aec661718/node_modules/next/dist/build/webpack-build/impl.js
- /tmp/8de452aec661718/node_modules/next/dist/compiled/jest-worker/processChild.js
    at Module._resolveFilename (node:internal/modules/cjs/loader:1207:15)
    at /tmp/8de452aec661718/node_modules/next/dist/server/require-hook.js:55:36
    at Function.resolve (node:internal/modules/helpers:193:19)
    at loadPlugin (/tmp/8de452aec661718/node_modules/next/dist/build/webpack/config/blocks/css/plugins.js:49:32)
    at /tmp/8de452aec661718/node_modules/next/dist/build/webpack/config/blocks/css/plugins.js:157:56
    at Array.map (&lt;anonymous&gt;)
    at getPostCssPlugins (/tmp/8de452aec661718/node_modules/next/dist/build/webpack/config/blocks/css/plugins.js:157:47)
    at async /tmp/8de452aec661718/node_modules/next/dist/build/webpack/config/blocks/css/index.js:124:36
    at async /tmp/8de452aec661718/node_modules/next/dist/build/webpack/loaders/next-font-loader/index.js:86:33
    at async Span.traceAsyncFn (/tmp/8de452aec661718/node_modules/next/dist/trace/trace.js:154:20)

./app/admin/api-keys/page.tsx
Module not found: Can&apos;t resolve &apos;@/lib/api&apos;

https://nextjs.org/docs/messages/module-not-found

./app/conversation/page.tsx
Module not found: Can&apos;t resolve &apos;@/components/ChatInterface&apos;

https://nextjs.org/docs/messages/module-not-found

./app/level-test/page.tsx
Module not found: Can&apos;t resolve &apos;@/components/VoiceRecorder&apos;

https://nextjs.org/docs/messages/module-not-found

./app/word-game/page.tsx
Module not found: Can&apos;t resolve &apos;@/components/VoiceRecorder&apos;

https://nextjs.org/docs/messages/module-not-found


&gt; Build failed because of webpack errors
Failed to compile.

app/layout.tsx
An error occurred in `next/font`.

Error: Cannot find module &apos;tailwindcss&apos;
Require stack:
- /tmp/8de452aec661718/node_modules/next/dist/build/webpack/config/blocks/css/plugins.js
- /tmp/8de452aec661718/node_modules/next/dist/build/webpack/config/blocks/css/index.js
- /tmp/8de452aec661718/node_modules/next/dist/build/webpack/config/index.js
- /tmp/8de452aec661718/node_modules/next/dist/build/webpack-config.js
- /tmp/8de452aec661718/node_modules/next/dist/build/webpack-build/impl.js
- /tmp/8de452aec661718/node_modules/next/dist/compiled/jest-worker/processChild.js
    at Module._resolveFilename (node:internal/modules/cjs/loader:1207:15)
    at /tmp/8de452aec661718/node_modules/next/dist/server/require-hook.js:55:36
    at Function.resolve (node:internal/modules/helpers:193:19)
    at loadPlugin (/tmp/8de452aec661718/node_modules/next/dist/build/webpack/config/blocks/css/plugins.js:49:32)
    at /tmp/8de452aec661718/node_modules/next/dist/build/webpack/config/blocks/css/plugins.js:157:56
    at Array.map (&lt;anonymous&gt;)
    at getPostCssPlugins (/tmp/8de452aec661718/node_modules/next/dist/build/webpack/config/blocks/css/plugins.js:157:47)
    at async /tmp/8de452aec661718/node_modules/next/dist/build/webpack/config/blocks/css/index.js:124:36
    at async /tmp/8de452aec661718/node_modules/next/dist/build/webpack/loaders/next-font-loader/index.js:86:33
    at async Span.traceAsyncFn (/tmp/8de452aec661718/node_modules/next/dist/trace/trace.js:154:20)

./app/admin/api-keys/page.tsx
Module not found: Can&apos;t resolve &apos;@/lib/api&apos;

https://nextjs.org/docs/messages/module-not-found

./app/conversation/page.tsx
Module not found: Can&apos;t resolve &apos;@/components/ChatInterface&apos;

https://nextjs.org/docs/messages/module-not-found

./app/level-test/page.tsx
Module not found: Can&apos;t resolve &apos;@/components/VoiceRecorder&apos;

https://nextjs.org/docs/messages/module-not-found

./app/word-game/page.tsx
Module not found: Can&apos;t resolve &apos;@/components/VoiceRecorder&apos;

https://nextjs.org/docs/messages/module-not-found


&gt; Build failed because of webpack errors
/bin/bash -c &quot;oryx build /tmp/zipdeploy/extracted -o /home/site/wwwroot --platform nodejs --platform-version 20 -p virtualenv_name= --log-file /tmp/build-debug.log  -i /tmp/8de452aec661718 -p compress_node_modules=tar-gz | tee /tmp/oryx-build.log ; exit $PIPESTATUS &quot;" stackTrace="   at Kudu.Core.Infrastructure.Executable.ExecuteInternal(ITracer tracer, Func`2 onWriteOutput, Func`2 onWriteError, CancellationToken token, Encoding encoding, String arguments, Object[] args) in /tmp/KuduLite/Kudu.Core/Infrastructure/Executable.cs:line 239
   at Kudu.Core.Infrastructure.Executable.ExecuteWithProgressWriter(ILogger logger, ITracer tracer, CancellationToken token, String arguments, Object[] args) in /tmp/KuduLite/Kudu.Core/Infrastructure/Executable.cs:line 118
   at Kudu.Core.Deployment.Generator.ExternalCommandBuilder.RunCommand(DeploymentContext context, String command, Boolean ignoreManifest, CancellationToken token, String message) in /tmp/KuduLite/Kudu.Core/Deployment/Generator/ExternalCommandBuilder.cs:line 122
   at Kudu.Core.Deployment.Generator.OryxBuilder.RunBuildCommand(IOryxArguments args, DeploymentContext context, CancellationToken token) in /tmp/KuduLite/Kudu.Core/Deployment/Generator/OryxBuilder.cs:line 295
   at Kudu.Core.Deployment.Generator.OryxBuilder.Build(DeploymentContext context, CancellationToken token) in /tmp/KuduLite/Kudu.Core/Deployment/Generator/OryxBuilder.cs:line 136
   at Kudu.Core.Deployment.DeploymentManager.Build(ChangeSet changeSet, ITracer tracer, IDisposable deployStep, IRepository repository, DeploymentInfoBase deploymentInfo, DeploymentAnalytics deploymentAnalytics, Boolean fullBuildByDefault, CancellationToken cancellationToken) in /tmp/KuduLite/Kudu.Core/Deployment/DeploymentManager.cs:line 771" /><!-- duration: 11ms -->
              <step title="Using GenericDeploymentLogParser" date="2025-12-27T09:40:59.484" /><!-- duration: 18ms -->
              <step title="Purge deployment items" date="2025-12-27T09:41:01.306" >
                <step title="Remove f30d51e8-, Failed, received at 12/27/2025 09:19:34" date="2025-12-27T09:41:01.371" /><!-- duration: 4ms -->
                <step title="Remove temp-c9ab, Failed, received at 12/27/2025 09:19:28" date="2025-12-27T09:41:01.456" /><!-- duration: 4ms -->
                <step title="Remove d7c29488-, Failed, received at 12/27/2025 09:15:57" date="2025-12-27T09:41:01.523" /><!-- duration: 6ms -->
                <step title="Remove temp-b7d5, Failed, received at 12/27/2025 09:15:43" date="2025-12-27T09:41:01.596" /><!-- duration: 4ms -->
                <step title="Remove 3f924cfb-, Failed, received at 12/27/2025 09:09:42" date="2025-12-27T09:41:01.686" /><!-- duration: 5ms -->
                <step title="Remove temp-ebc2, Failed, received at 12/27/2025 09:09:37" date="2025-12-27T09:41:01.757" /><!-- duration: 5ms -->
                <step title="Remove f15428a7-, Failed, received at 12/27/2025 08:43:46" date="2025-12-27T09:41:01.864" /><!-- duration: 4ms -->
                <step title="Remove temp-aab0, Failed, received at 12/27/2025 08:43:42" date="2025-12-27T09:41:01.944" /><!-- duration: 5ms -->
                <step title="Remove cd42bf97-, Failed, received at 12/27/2025 08:33:51" date="2025-12-27T09:41:02.062" /><!-- duration: 4ms -->
              </step><!-- duration: 765ms -->
            </step><!-- duration: 482713ms -->
          </step><!-- duration: 482873ms -->
          <step title="Error occurred" date="2025-12-27T09:41:02.098" type="error" text="npm warn deprecated next@14.2.0: This version has a security vulnerability. Please upgrade to a patched version. See https://nextjs.org/blog/security-update-2025-12-11 for more details.
Failed to compile.

app/layout.tsx
An error occurred in `next/font`.

Error: Cannot find module &apos;tailwindcss&apos;
Require stack:
- /tmp/8de452aec661718/node_modules/next/dist/build/webpack/config/blocks/css/plugins.js
- /tmp/8de452aec661718/node_modules/next/dist/build/webpack/config/blocks/css/index.js
- /tmp/8de452aec661718/node_modules/next/dist/build/webpack/config/index.js
- /tmp/8de452aec661718/node_modules/next/dist/build/webpack-config.js
- /tmp/8de452aec661718/node_modules/next/dist/build/webpack-build/impl.js
- /tmp/8de452aec661718/node_modules/next/dist/compiled/jest-worker/processChild.js
    at Module._resolveFilename (node:internal/modules/cjs/loader:1207:15)
    at /tmp/8de452aec661718/node_modules/next/dist/server/require-hook.js:55:36
    at Function.resolve (node:internal/modules/helpers:193:19)
    at loadPlugin (/tmp/8de452aec661718/node_modules/next/dist/build/webpack/config/blocks/css/plugins.js:49:32)
    at /tmp/8de452aec661718/node_modules/next/dist/build/webpack/config/blocks/css/plugins.js:157:56
    at Array.map (&lt;anonymous&gt;)
    at getPostCssPlugins (/tmp/8de452aec661718/node_modules/next/dist/build/webpack/config/blocks/css/plugins.js:157:47)
    at async /tmp/8de452aec661718/node_modules/next/dist/build/webpack/config/blocks/css/index.js:124:36
    at async /tmp/8de452aec661718/node_modules/next/dist/build/webpack/loaders/next-font-loader/index.js:86:33
    at async Span.traceAsyncFn (/tmp/8de452aec661718/node_modules/next/dist/trace/trace.js:154:20)

./app/admin/api-keys/page.tsx
Module not found: Can&apos;t resolve &apos;@/lib/api&apos;

https://nextjs.org/docs/messages/module-not-found

./app/conversation/page.tsx
Module not found: Can&apos;t resolve &apos;@/components/ChatInterface&apos;

https://nextjs.org/docs/messages/module-not-found

./app/level-test/page.tsx
Module not found: Can&apos;t resolve &apos;@/components/VoiceRecorder&apos;

https://nextjs.org/docs/messages/module-not-found

./app/word-game/page.tsx
Module not found: Can&apos;t resolve &apos;@/components/VoiceRecorder&apos;

https://nextjs.org/docs/messages/module-not-found


&gt; Build failed because of webpack errors
Failed to compile.

app/layout.tsx
An error occurred in `next/font`.

Error: Cannot find module &apos;tailwindcss&apos;
Require stack:
- /tmp/8de452aec661718/node_modules/next/dist/build/webpack/config/blocks/css/plugins.js
- /tmp/8de452aec661718/node_modules/next/dist/build/webpack/config/blocks/css/index.js
- /tmp/8de452aec661718/node_modules/next/dist/build/webpack/config/index.js
- /tmp/8de452aec661718/node_modules/next/dist/build/webpack-config.js
- /tmp/8de452aec661718/node_modules/next/dist/build/webpack-build/impl.js
- /tmp/8de452aec661718/node_modules/next/dist/compiled/jest-worker/processChild.js
    at Module._resolveFilename (node:internal/modules/cjs/loader:1207:15)
    at /tmp/8de452aec661718/node_modules/next/dist/server/require-hook.js:55:36
    at Function.resolve (node:internal/modules/helpers:193:19)
    at loadPlugin (/tmp/8de452aec661718/node_modules/next/dist/build/webpack/config/blocks/css/plugins.js:49:32)
    at /tmp/8de452aec661718/node_modules/next/dist/build/webpack/config/blocks/css/plugins.js:157:56
    at Array.map (&lt;anonymous&gt;)
    at getPostCssPlugins (/tmp/8de452aec661718/node_modules/next/dist/build/webpack/config/blocks/css/plugins.js:157:47)
    at async /tmp/8de452aec661718/node_modules/next/dist/build/webpack/config/blocks/css/index.js:124:36
    at async /tmp/8de452aec661718/node_modules/next/dist/build/webpack/loaders/next-font-loader/index.js:86:33
    at async Span.traceAsyncFn (/tmp/8de452aec661718/node_modules/next/dist/trace/trace.js:154:20)

./app/admin/api-keys/page.tsx
Module not found: Can&apos;t resolve &apos;@/lib/api&apos;

https://nextjs.org/docs/messages/module-not-found

./app/conversation/page.tsx
Module not found: Can&apos;t resolve &apos;@/components/ChatInterface&apos;

https://nextjs.org/docs/messages/module-not-found

./app/level-test/page.tsx
Module not found: Can&apos;t resolve &apos;@/components/VoiceRecorder&apos;

https://nextjs.org/docs/messages/module-not-found

./app/word-game/page.tsx
Module not found: Can&apos;t resolve &apos;@/components/VoiceRecorder&apos;

https://nextjs.org/docs/messages/module-not-found


&gt; Build failed because of webpack errors
/bin/bash -c &quot;oryx build /tmp/zipdeploy/extracted -o /home/site/wwwroot --platform nodejs --platform-version 20 -p virtualenv_name= --log-file /tmp/build-debug.log  -i /tmp/8de452aec661718 -p compress_node_modules=tar-gz | tee /tmp/oryx-build.log ; exit $PIPESTATUS &quot;" stackTrace="   at Kudu.Core.Infrastructure.Executable.ExecuteInternal(ITracer tracer, Func`2 onWriteOutput, Func`2 onWriteError, CancellationToken token, Encoding encoding, String arguments, Object[] args) in /tmp/KuduLite/Kudu.Core/Infrastructure/Executable.cs:line 239
   at Kudu.Core.Infrastructure.Executable.ExecuteWithProgressWriter(ILogger logger, ITracer tracer, CancellationToken token, String arguments, Object[] args) in /tmp/KuduLite/Kudu.Core/Infrastructure/Executable.cs:line 118
   at Kudu.Core.Deployment.Generator.ExternalCommandBuilder.RunCommand(DeploymentContext context, String command, Boolean ignoreManifest, CancellationToken token, String message) in /tmp/KuduLite/Kudu.Core/Deployment/Generator/ExternalCommandBuilder.cs:line 122
   at Kudu.Core.Deployment.Generator.OryxBuilder.RunBuildCommand(IOryxArguments args, DeploymentContext context, CancellationToken token) in /tmp/KuduLite/Kudu.Core/Deployment/Generator/OryxBuilder.cs:line 295
   at Kudu.Core.Deployment.Generator.OryxBuilder.Build(DeploymentContext context, CancellationToken token) in /tmp/KuduLite/Kudu.Core/Deployment/Generator/OryxBuilder.cs:line 136
   at Kudu.Core.Deployment.DeploymentManager.Build(ChangeSet changeSet, ITracer tracer, IDisposable deployStep, IRepository repository, DeploymentInfoBase deploymentInfo, DeploymentAnalytics deploymentAnalytics, Boolean fullBuildByDefault, CancellationToken cancellationToken) in /tmp/KuduLite/Kudu.Core/Deployment/DeploymentManager.cs:line 771
   at Kudu.Core.Deployment.DeploymentManager.Build(ChangeSet changeSet, ITracer tracer, IDisposable deployStep, IRepository repository, DeploymentInfoBase deploymentInfo, DeploymentAnalytics deploymentAnalytics, Boolean fullBuildByDefault, CancellationToken cancellationToken) in /tmp/KuduLite/Kudu.Core/Deployment/DeploymentManager.cs:line 840" /><!-- duration: 5ms -->
          <step title="Cleaning up temp files" date="2025-12-27T09:41:02.171" /><!-- duration: 2620ms -->
          <step title="Cleaning up temp files" date="2025-12-27T09:41:04.798" /><!-- duration: 514ms -->
          <step title="Error occurred" date="2025-12-27T09:41:05.361" type="error" text="npm warn deprecated next@14.2.0: This version has a security vulnerability. Please upgrade to a patched version. See https://nextjs.org/blog/security-update-2025-12-11 for more details.
Failed to compile.

app/layout.tsx
An error occurred in `next/font`.

Error: Cannot find module &apos;tailwindcss&apos;
Require stack:
- /tmp/8de452aec661718/node_modules/next/dist/build/webpack/config/blocks/css/plugins.js
- /tmp/8de452aec661718/node_modules/next/dist/build/webpack/config/blocks/css/index.js
- /tmp/8de452aec661718/node_modules/next/dist/build/webpack/config/index.js
- /tmp/8de452aec661718/node_modules/next/dist/build/webpack-config.js
- /tmp/8de452aec661718/node_modules/next/dist/build/webpack-build/impl.js
- /tmp/8de452aec661718/node_modules/next/dist/compiled/jest-worker/processChild.js
    at Module._resolveFilename (node:internal/modules/cjs/loader:1207:15)
    at /tmp/8de452aec661718/node_modules/next/dist/server/require-hook.js:55:36
    at Function.resolve (node:internal/modules/helpers:193:19)
    at loadPlugin (/tmp/8de452aec661718/node_modules/next/dist/build/webpack/config/blocks/css/plugins.js:49:32)
    at /tmp/8de452aec661718/node_modules/next/dist/build/webpack/config/blocks/css/plugins.js:157:56
    at Array.map (&lt;anonymous&gt;)
    at getPostCssPlugins (/tmp/8de452aec661718/node_modules/next/dist/build/webpack/config/blocks/css/plugins.js:157:47)
    at async /tmp/8de452aec661718/node_modules/next/dist/build/webpack/config/blocks/css/index.js:124:36
    at async /tmp/8de452aec661718/node_modules/next/dist/build/webpack/loaders/next-font-loader/index.js:86:33
    at async Span.traceAsyncFn (/tmp/8de452aec661718/node_modules/next/dist/trace/trace.js:154:20)

./app/admin/api-keys/page.tsx
Module not found: Can&apos;t resolve &apos;@/lib/api&apos;

https://nextjs.org/docs/messages/module-not-found

./app/conversation/page.tsx
Module not found: Can&apos;t resolve &apos;@/components/ChatInterface&apos;

https://nextjs.org/docs/messages/module-not-found

./app/level-test/page.tsx
Module not found: Can&apos;t resolve &apos;@/components/VoiceRecorder&apos;

https://nextjs.org/docs/messages/module-not-found

./app/word-game/page.tsx
Module not found: Can&apos;t resolve &apos;@/components/VoiceRecorder&apos;

https://nextjs.org/docs/messages/module-not-found


&gt; Build failed because of webpack errors
Failed to compile.

app/layout.tsx
An error occurred in `next/font`.

Error: Cannot find module &apos;tailwindcss&apos;
Require stack:
- /tmp/8de452aec661718/node_modules/next/dist/build/webpack/config/blocks/css/plugins.js
- /tmp/8de452aec661718/node_modules/next/dist/build/webpack/config/blocks/css/index.js
- /tmp/8de452aec661718/node_modules/next/dist/build/webpack/config/index.js
- /tmp/8de452aec661718/node_modules/next/dist/build/webpack-config.js
- /tmp/8de452aec661718/node_modules/next/dist/build/webpack-build/impl.js
- /tmp/8de452aec661718/node_modules/next/dist/compiled/jest-worker/processChild.js
    at Module._resolveFilename (node:internal/modules/cjs/loader:1207:15)
    at /tmp/8de452aec661718/node_modules/next/dist/server/require-hook.js:55:36
    at Function.resolve (node:internal/modules/helpers:193:19)
    at loadPlugin (/tmp/8de452aec661718/node_modules/next/dist/build/webpack/config/blocks/css/plugins.js:49:32)
    at /tmp/8de452aec661718/node_modules/next/dist/build/webpack/config/blocks/css/plugins.js:157:56
    at Array.map (&lt;anonymous&gt;)
    at getPostCssPlugins (/tmp/8de452aec661718/node_modules/next/dist/build/webpack/config/blocks/css/plugins.js:157:47)
    at async /tmp/8de452aec661718/node_modules/next/dist/build/webpack/config/blocks/css/index.js:124:36
    at async /tmp/8de452aec661718/node_modules/next/dist/build/webpack/loaders/next-font-loader/index.js:86:33
    at async Span.traceAsyncFn (/tmp/8de452aec661718/node_modules/next/dist/trace/trace.js:154:20)

./app/admin/api-keys/page.tsx
Module not found: Can&apos;t resolve &apos;@/lib/api&apos;

https://nextjs.org/docs/messages/module-not-found

./app/conversation/page.tsx
Module not found: Can&apos;t resolve &apos;@/components/ChatInterface&apos;

https://nextjs.org/docs/messages/module-not-found

./app/level-test/page.tsx
Module not found: Can&apos;t resolve &apos;@/components/VoiceRecorder&apos;

https://nextjs.org/docs/messages/module-not-found

./app/word-game/page.tsx
Module not found: Can&apos;t resolve &apos;@/components/VoiceRecorder&apos;

https://nextjs.org/docs/messages/module-not-found


&gt; Build failed because of webpack errors
/bin/bash -c &quot;oryx build /tmp/zipdeploy/extracted -o /home/site/wwwroot --platform nodejs --platform-version 20 -p virtualenv_name= --log-file /tmp/build-debug.log  -i /tmp/8de452aec661718 -p compress_node_modules=tar-gz | tee /tmp/oryx-build.log ; exit $PIPESTATUS &quot;" stackTrace="   at Kudu.Core.Infrastructure.Executable.ExecuteInternal(ITracer tracer, Func`2 onWriteOutput, Func`2 onWriteError, CancellationToken token, Encoding encoding, String arguments, Object[] args) in /tmp/KuduLite/Kudu.Core/Infrastructure/Executable.cs:line 239
   at Kudu.Core.Infrastructure.Executable.ExecuteWithProgressWriter(ILogger logger, ITracer tracer, CancellationToken token, String arguments, Object[] args) in /tmp/KuduLite/Kudu.Core/Infrastructure/Executable.cs:line 118
   at Kudu.Core.Deployment.Generator.ExternalCommandBuilder.RunCommand(DeploymentContext context, String command, Boolean ignoreManifest, CancellationToken token, String message) in /tmp/KuduLite/Kudu.Core/Deployment/Generator/ExternalCommandBuilder.cs:line 122
   at Kudu.Core.Deployment.Generator.OryxBuilder.RunBuildCommand(IOryxArguments args, DeploymentContext context, CancellationToken token) in /tmp/KuduLite/Kudu.Core/Deployment/Generator/OryxBuilder.cs:line 295
   at Kudu.Core.Deployment.Generator.OryxBuilder.Build(DeploymentContext context, CancellationToken token) in /tmp/KuduLite/Kudu.Core/Deployment/Generator/OryxBuilder.cs:line 136
   at Kudu.Core.Deployment.DeploymentManager.Build(ChangeSet changeSet, ITracer tracer, IDisposable deployStep, IRepository repository, DeploymentInfoBase deploymentInfo, DeploymentAnalytics deploymentAnalytics, Boolean fullBuildByDefault, CancellationToken cancellationToken) in /tmp/KuduLite/Kudu.Core/Deployment/DeploymentManager.cs:line 771
   at Kudu.Core.Deployment.DeploymentManager.Build(ChangeSet changeSet, ITracer tracer, IDisposable deployStep, IRepository repository, DeploymentInfoBase deploymentInfo, DeploymentAnalytics deploymentAnalytics, Boolean fullBuildByDefault, CancellationToken cancellationToken) in /tmp/KuduLite/Kudu.Core/Deployment/DeploymentManager.cs:line 840
   at Kudu.Core.Deployment.DeploymentManager.DeployAsync(IRepository repository, ChangeSet changeSet, String deployer, Boolean clean, DeploymentInfoBase deploymentInfo, Boolean needFileUpdate, Boolean fullBuildByDefault) in /tmp/KuduLite/Kudu.Core/Deployment/DeploymentManager.cs:line 266" /><!-- duration: 6ms -->
        </step><!-- duration: 486290ms -->
        <step title="Reloading status file with latest updates" date="2025-12-27T09:41:05.432" >
          <step title="WebHooksManager.PublishEventAsync: PostDeployment" date="2025-12-27T09:41:05.439" /><!-- duration: 91ms -->
        </step><!-- duration: 101ms -->
        <step title="Error occurred" date="2025-12-27T09:41:05.538" type="error" text="npm warn deprecated next@14.2.0: This version has a security vulnerability. Please upgrade to a patched version. See https://nextjs.org/blog/security-update-2025-12-11 for more details.
Failed to compile.

app/layout.tsx
An error occurred in `next/font`.

Error: Cannot find module &apos;tailwindcss&apos;
Require stack:
- /tmp/8de452aec661718/node_modules/next/dist/build/webpack/config/blocks/css/plugins.js
- /tmp/8de452aec661718/node_modules/next/dist/build/webpack/config/blocks/css/index.js
- /tmp/8de452aec661718/node_modules/next/dist/build/webpack/config/index.js
- /tmp/8de452aec661718/node_modules/next/dist/build/webpack-config.js
- /tmp/8de452aec661718/node_modules/next/dist/build/webpack-build/impl.js
- /tmp/8de452aec661718/node_modules/next/dist/compiled/jest-worker/processChild.js
    at Module._resolveFilename (node:internal/modules/cjs/loader:1207:15)
    at /tmp/8de452aec661718/node_modules/next/dist/server/require-hook.js:55:36
    at Function.resolve (node:internal/modules/helpers:193:19)
    at loadPlugin (/tmp/8de452aec661718/node_modules/next/dist/build/webpack/config/blocks/css/plugins.js:49:32)
    at /tmp/8de452aec661718/node_modules/next/dist/build/webpack/config/blocks/css/plugins.js:157:56
    at Array.map (&lt;anonymous&gt;)
    at getPostCssPlugins (/tmp/8de452aec661718/node_modules/next/dist/build/webpack/config/blocks/css/plugins.js:157:47)
    at async /tmp/8de452aec661718/node_modules/next/dist/build/webpack/config/blocks/css/index.js:124:36
    at async /tmp/8de452aec661718/node_modules/next/dist/build/webpack/loaders/next-font-loader/index.js:86:33
    at async Span.traceAsyncFn (/tmp/8de452aec661718/node_modules/next/dist/trace/trace.js:154:20)

./app/admin/api-keys/page.tsx
Module not found: Can&apos;t resolve &apos;@/lib/api&apos;

https://nextjs.org/docs/messages/module-not-found

./app/conversation/page.tsx
Module not found: Can&apos;t resolve &apos;@/components/ChatInterface&apos;

https://nextjs.org/docs/messages/module-not-found

./app/level-test/page.tsx
Module not found: Can&apos;t resolve &apos;@/components/VoiceRecorder&apos;

https://nextjs.org/docs/messages/module-not-found

./app/word-game/page.tsx
Module not found: Can&apos;t resolve &apos;@/components/VoiceRecorder&apos;

https://nextjs.org/docs/messages/module-not-found


&gt; Build failed because of webpack errors
Failed to compile.

app/layout.tsx
An error occurred in `next/font`.

Error: Cannot find module &apos;tailwindcss&apos;
Require stack:
- /tmp/8de452aec661718/node_modules/next/dist/build/webpack/config/blocks/css/plugins.js
- /tmp/8de452aec661718/node_modules/next/dist/build/webpack/config/blocks/css/index.js
- /tmp/8de452aec661718/node_modules/next/dist/build/webpack/config/index.js
- /tmp/8de452aec661718/node_modules/next/dist/build/webpack-config.js
- /tmp/8de452aec661718/node_modules/next/dist/build/webpack-build/impl.js
- /tmp/8de452aec661718/node_modules/next/dist/compiled/jest-worker/processChild.js
    at Module._resolveFilename (node:internal/modules/cjs/loader:1207:15)
    at /tmp/8de452aec661718/node_modules/next/dist/server/require-hook.js:55:36
    at Function.resolve (node:internal/modules/helpers:193:19)
    at loadPlugin (/tmp/8de452aec661718/node_modules/next/dist/build/webpack/config/blocks/css/plugins.js:49:32)
    at /tmp/8de452aec661718/node_modules/next/dist/build/webpack/config/blocks/css/plugins.js:157:56
    at Array.map (&lt;anonymous&gt;)
    at getPostCssPlugins (/tmp/8de452aec661718/node_modules/next/dist/build/webpack/config/blocks/css/plugins.js:157:47)
    at async /tmp/8de452aec661718/node_modules/next/dist/build/webpack/config/blocks/css/index.js:124:36
    at async /tmp/8de452aec661718/node_modules/next/dist/build/webpack/loaders/next-font-loader/index.js:86:33
    at async Span.traceAsyncFn (/tmp/8de452aec661718/node_modules/next/dist/trace/trace.js:154:20)

./app/admin/api-keys/page.tsx
Module not found: Can&apos;t resolve &apos;@/lib/api&apos;

https://nextjs.org/docs/messages/module-not-found

./app/conversation/page.tsx
Module not found: Can&apos;t resolve &apos;@/components/ChatInterface&apos;

https://nextjs.org/docs/messages/module-not-found

./app/level-test/page.tsx
Module not found: Can&apos;t resolve &apos;@/components/VoiceRecorder&apos;

https://nextjs.org/docs/messages/module-not-found

./app/word-game/page.tsx
Module not found: Can&apos;t resolve &apos;@/components/VoiceRecorder&apos;

https://nextjs.org/docs/messages/module-not-found


&gt; Build failed because of webpack errors
/bin/bash -c &quot;oryx build /tmp/zipdeploy/extracted -o /home/site/wwwroot --platform nodejs --platform-version 20 -p virtualenv_name= --log-file /tmp/build-debug.log  -i /tmp/8de452aec661718 -p compress_node_modules=tar-gz | tee /tmp/oryx-build.log ; exit $PIPESTATUS &quot;" stackTrace="   at Kudu.Core.Infrastructure.Executable.ExecuteInternal(ITracer tracer, Func`2 onWriteOutput, Func`2 onWriteError, CancellationToken token, Encoding encoding, String arguments, Object[] args) in /tmp/KuduLite/Kudu.Core/Infrastructure/Executable.cs:line 239
   at Kudu.Core.Infrastructure.Executable.ExecuteWithProgressWriter(ILogger logger, ITracer tracer, CancellationToken token, String arguments, Object[] args) in /tmp/KuduLite/Kudu.Core/Infrastructure/Executable.cs:line 118
   at Kudu.Core.Deployment.Generator.ExternalCommandBuilder.RunCommand(DeploymentContext context, String command, Boolean ignoreManifest, CancellationToken token, String message) in /tmp/KuduLite/Kudu.Core/Deployment/Generator/ExternalCommandBuilder.cs:line 122
   at Kudu.Core.Deployment.Generator.OryxBuilder.RunBuildCommand(IOryxArguments args, DeploymentContext context, CancellationToken token) in /tmp/KuduLite/Kudu.Core/Deployment/Generator/OryxBuilder.cs:line 295
   at Kudu.Core.Deployment.Generator.OryxBuilder.Build(DeploymentContext context, CancellationToken token) in /tmp/KuduLite/Kudu.Core/Deployment/Generator/OryxBuilder.cs:line 136
   at Kudu.Core.Deployment.DeploymentManager.Build(ChangeSet changeSet, ITracer tracer, IDisposable deployStep, IRepository repository, DeploymentInfoBase deploymentInfo, DeploymentAnalytics deploymentAnalytics, Boolean fullBuildByDefault, CancellationToken cancellationToken) in /tmp/KuduLite/Kudu.Core/Deployment/DeploymentManager.cs:line 771
   at Kudu.Core.Deployment.DeploymentManager.Build(ChangeSet changeSet, ITracer tracer, IDisposable deployStep, IRepository repository, DeploymentInfoBase deploymentInfo, DeploymentAnalytics deploymentAnalytics, Boolean fullBuildByDefault, CancellationToken cancellationToken) in /tmp/KuduLite/Kudu.Core/Deployment/DeploymentManager.cs:line 840
   at Kudu.Core.Deployment.DeploymentManager.DeployAsync(IRepository repository, ChangeSet changeSet, String deployer, Boolean clean, DeploymentInfoBase deploymentInfo, Boolean needFileUpdate, Boolean fullBuildByDefault) in /tmp/KuduLite/Kudu.Core/Deployment/DeploymentManager.cs:line 266" /><!-- duration: 9ms -->
        <step title="Marking deployment as failed and cleaning up the temp deployment" date="2025-12-27T09:41:05.597" /><!-- duration: 4ms -->
      </step><!-- duration: 488338ms -->
      <step title="Error occurred" date="2025-12-27T09:41:05.770" type="error" text="One or more errors occurred. (Deployment failed)" stackTrace="   at System.Threading.Tasks.Task.ThrowIfExceptional(Boolean includeTaskCanceledExceptions)
   at System.Threading.Tasks.Task.Wait(Int32 millisecondsTimeout, CancellationToken cancellationToken)
   at System.Threading.Tasks.Task.Wait()
   at Kudu.Core.Deployment.FetchDeploymentManager.&lt;&gt;c__DisplayClass22_1.&lt;PerformBackgroundDeployment&gt;b__3() in /tmp/KuduLite/Kudu.Core/Deployment/FetchDeploymentManager.cs:line 414
   at Kudu.Contracts.Infrastructure.LockExtensions.TryLockOperation(IOperationLock lockObj, Action operation, String operationName, TimeSpan timeout) in /tmp/KuduLite/Kudu.Contracts/Infrastructure/LockExtensions.cs:line 34
   at Kudu.Contracts.Infrastructure.LockExtensions.LockOperation(IOperationLock lockObj, Action operation, String operationName, TimeSpan timeout) in /tmp/KuduLite/Kudu.Contracts/Infrastructure/LockExtensions.cs:line 46
   at Kudu.Core.Deployment.FetchDeploymentManager.&lt;&gt;c__DisplayClass22_0.&lt;PerformBackgroundDeployment&gt;b__1() in /tmp/KuduLite/Kudu.Core/Deployment/FetchDeploymentManager.cs:line 393" innerText="Deployment failed" innerStackTrace="   at Kudu.Core.Deployment.DeploymentManager.DeployAsync(IRepository repository, ChangeSet changeSet, String deployer, Boolean clean, DeploymentInfoBase deploymentInfo, Boolean needFileUpdate, Boolean fullBuildByDefault) in /tmp/KuduLite/Kudu.Core/Deployment/DeploymentManager.cs:line 307
   at Kudu.Core.Deployment.FetchDeploymentManager.PerformDeployment(DeploymentInfoBase deploymentInfo, IDisposable tempDeployment, ChangeSet tempChangeSet, DeployStatusApiResult updateStatusObj) in /tmp/KuduLite/Kudu.Core/Deployment/FetchDeploymentManager.cs:line 230" /><!-- duration: 8ms -->
    </step><!-- duration: 488415ms -->
