<step title="BackgroundTrace" date="2025-12-27T11:51:30.155" instance="978831" url="/api/publish" method="POST" >
  <step title="Creating temporary deployment - FetchDeploymentManager" date="2025-12-27T11:51:30.263" /><!-- duration: 3ms -->
  <step title="Creating temporary deployment" date="2025-12-27T11:51:30.274" /><!-- duration: 227ms -->
  <step title="Performing fetch based deployment" date="2025-12-27T11:51:30.571" >
    <step title="Cleaning up temp folders from previous zip deployments and extracting pushed zip file /tmp/zipdeploy/692e52b8-f2b2-43d0-8f82-d47e82b34341.zip (0.02 MB) to /tmp/zipdeploy/extracted" date="2025-12-27T11:51:31.766" >
      <step title="ChmodRecursive Process exited with total time taken in ms: 78" date="2025-12-27T11:51:31.923" /><!-- duration: 20ms -->
    </step><!-- duration: 184ms -->
    <step title="Deployment timer started" date="2025-12-27T11:51:34.284" >
      <step title="DeploymentManager.Deploy(id:c5cc4f99-595e-45f8-8228-baaab59cadf5)" date="2025-12-27T11:51:34.343" >
        <step title="Collecting changeset information" date="2025-12-27T11:51:34.465" /><!-- duration: 1669ms -->
        <step title="Updating submodules" date="2025-12-27T11:51:36.295" /><!-- duration: 1535ms -->
        <step title="Determining deployment builder" date="2025-12-27T11:51:38.813" >
          <step title="Builder is OryxBuilder" date="2025-12-27T11:51:38.967" /><!-- duration: 94ms -->
        </step><!-- duration: 410ms -->
        <step title="PreDeployment: context.CleanOutputPath False" date="2025-12-27T11:51:39.682" >
          <step title="PreDeployment: context.OutputPath /home/site/wwwroot" date="2025-12-27T11:51:40.487" >
            <step title="Building" date="2025-12-27T11:51:40.925" >
              <step title="Executing external process" date="2025-12-27T11:51:42.336" type="process" path="bash" arguments="-c &quot;oryx build /tmp/zipdeploy/extracted -o /home/site/wwwroot --platform nodejs --platform-version 20 -p virtualenv_name= --log-file /tmp/build-debug.log  -i /tmp/8de453e4bab92d8 -p compress_node_modules=tar-gz | tee /tmp/oryx-build.log ; exit $PIPESTATUS &quot;" 