<step title="Incoming Request" date="2025-12-27T12:14:31.438" instance="978831" url="/api/publish?type=zip&amp;async=True" method="POST" type="request" pid="833,1,31" Accept="*/*" Host="hanclass-frontend.scm.azurewebsites.net" User-Agent="AZURECLI/2.81.0 (HOMEBREW)" Accept-Encoding="gzip, deflate" Authorization="Bea..." Cache-Control="no-cache" Content-Type="application/octet-stream" Cookie="ARRAffinity=978831a12b989a546f04a417ac73afab2417e3847711476ee09674c03af7af1b; ARRAffinitySameSite=978831a12b989a546f04a417ac73afab2417e3847711476ee09674c03af7af1b" Content-Length="26130" x-ms-client-request-id="94e51ff0-e31d-11f0-a6a3-3296fc4ad343" x-ms-artifact-checksum="35e790e15c7dac13940bff58fc0074a0462e2360ce8b88605dedcb15d1019a91" X-ARR-LOG-ID="94e51ff0-e31d-11f0-a6a3-3296fc4ad343" CLIENT-IP="221.140.73.24:62361" X-SITE-DEPLOYMENT-ID="hanclass-frontend" WAS-DEFAULT-HOSTNAME="hanclass-frontend.scm.azurewebsites.net" X-Forwarded-Proto="https" X-AppService-Proto="https" X-Forwarded-TlsVersion="1.3" X-WAWS-Unencoded-URL="/api/publish?type=zip&amp;async=True" X-Client-IP="221.140.73.24" X-Client-Port="62361" >
  <step title="OneDeploy" date="2025-12-27T12:14:31.460" >
    <step title="Starting PushDeployAsync" date="2025-12-27T12:14:31.472" /><!-- duration: 7ms -->
    <step title="Writing artifact to /tmp/zipdeploy/da450220-9400-45f6-9b5f-55be954c5411.zip" date="2025-12-27T12:14:31.494" >
      <step title="Writing multipart request body to /tmp/zipdeploy/da450220-9400-45f6-9b5f-55be954c5411.zip" date="2025-12-27T12:14:31.499" /><!-- duration: 9ms -->
    </step><!-- duration: 79ms -->
    <step title="Start deployment in the background" date="2025-12-27T12:14:31.585" >
      <step title="Acquiring Deployment Lock" date="2025-12-27T12:14:31.596" /><!-- duration: 5ms -->
      <step title="Acquired Deployment Lock" date="2025-12-27T12:14:31.647" /><!-- duration: 4ms -->
    </step><!-- duration: 156ms -->
  </step><!-- duration: 292ms -->
  <step title="Outgoing response" date="2025-12-27T12:14:31.764" type="response" statusCode="202" statusText="Accepted" /><!-- duration: 4ms -->
</step><!-- duration: 334ms -->
