<step title="BackgroundTrace" date="2025-12-28T01:48:59.573" instance="978831" url="/api/publish" method="POST" >
  <step title="Creating temporary deployment - FetchDeploymentManager" date="2025-12-28T01:48:59.701" /><!-- duration: 4ms -->
  <step title="Creating temporary deployment" date="2025-12-28T01:48:59.711" /><!-- duration: 155ms -->
  <step title="Performing fetch based deployment" date="2025-12-28T01:48:59.945" >
    <step title="Cleaning up temp folders from previous zip deployments and extracting pushed zip file /tmp/zipdeploy/7427c4c6-4a3a-4355-a50a-5ece8867ad39.zip (0.02 MB) to /tmp/zipdeploy/extracted" date="2025-12-28T01:49:01.198" >
      <step title="ChmodRecursive Process exited with total time taken in ms: 100" date="2025-12-28T01:49:01.417" /><!-- duration: 6ms -->
    </step><!-- duration: 232ms -->
    <step title="Deployment timer started" date="2025-12-28T01:49:03.456" >
      <step title="DeploymentManager.Deploy(id:932cf778-2a56-47f3-8335-f26825a2f46e)" date="2025-12-28T01:49:03.471" >
        <step title="Collecting changeset information" date="2025-12-28T01:49:03.516" /><!-- duration: 154ms -->
        <step title="Updating submodules" date="2025-12-28T01:49:03.698" /><!-- duration: 1173ms -->
        <step title="Determining deployment builder" date="2025-12-28T01:49:05.142" >
          <step title="Builder is OryxBuilder" date="2025-12-28T01:49:05.173" /><!-- duration: 5ms -->
        </step><!-- duration: 43ms -->
        <step title="PreDeployment: context.CleanOutputPath False" date="2025-12-28T01:49:05.239" >
          <step title="PreDeployment: context.OutputPath /home/site/wwwroot" date="2025-12-28T01:49:05.375" >
            <step title="Building" date="2025-12-28T01:49:05.621" >
              <step title="Executing external process" date="2025-12-28T01:49:06.224" type="process" path="bash" arguments="-c &quot;oryx build /tmp/zipdeploy/extracted -o /home/site/wwwroot --platform nodejs --platform-version 20 -p virtualenv_name= --log-file /tmp/build-debug.log  -i /tmp/8de45b3488e0e27 -p compress_node_modules=tar-gz | tee /tmp/oryx-build.log ; exit $PIPESTATUS &quot;" >
                <step title="Cpu: npm install(2990,23.110s)+build.sh(2876,0.080s)+oryx(2854,6.780s)+tee(2855,0.000s)+bash(2853,0.020s)=total(29.990s)" date="2025-12-28T01:50:52.621" /><!-- duration: 31ms -->
                <step title="bash: no io activity for 61s, prev-cpu=-1.000s, current-cpu=29.990s" date="2025-12-28T01:50:52.668" /><!-- duration: 40ms -->
                <step title="Cpu: npm install(2990,40.800s)+build.sh(2876,0.080s)+oryx(2854,6.900s)+tee(2855,0.000s)+bash(2853,0.020s)=total(47.800s)" date="2025-12-28T01:51:52.908" /><!-- duration: 19ms -->
                <step title="bash: no io activity for 121s, prev-cpu=29.990s, current-cpu=47.800s" date="2025-12-28T01:51:52.935" /><!-- duration: 65ms -->
                <step title="Cpu: npm install(2990,62.450s)+build.sh(2876,0.080s)+oryx(2854,7.000s)+tee(2855,0.000s)+bash(2853,0.020s)=total(69.520s)" date="2025-12-28T01:52:53.979" /><!-- duration: 57ms -->
                <step title="bash: no io activity for 182s, prev-cpu=47.800s, current-cpu=69.520s" date="2025-12-28T01:52:54.179" /><!-- duration: 40ms -->
                <step title="Process dump" date="2025-12-28T01:53:58.702" exitCode="1" type="processOutput" /><!-- duration: 19ms -->
              </step><!-- duration: 292514ms -->
              <step title="Error occurred" date="2025-12-28T01:53:58.790" type="error" text="npm warn deprecated next@14.2.0: This version has a security vulnerability. Please upgrade to a patched version. See https://nextjs.org/blog/security-update-2025-12-11 for more details.
Failed to compile.

app/layout.tsx
An error occurred in `next/font`.

Error: Cannot find module &apos;tailwindcss&apos;
Require stack:
- /tmp/8de45b3488e0e27/node_modules/next/dist/build/webpack/config/blocks/css/plugins.js
- /tmp/8de45b3488e0e27/node_modules/next/dist/build/webpack/config/blocks/css/index.js
- /tmp/8de45b3488e0e27/node_modules/next/dist/build/webpack/config/index.js
- /tmp/8de45b3488e0e27/node_modules/next/dist/build/webpack-config.js
- /tmp/8de45b3488e0e27/node_modules/next/dist/build/webpack-build/impl.js
- /tmp/8de45b3488e0e27/node_modules/next/dist/compiled/jest-worker/processChild.js
    at Module._resolveFilename (node:internal/modules/cjs/loader:1207:15)
    at /tmp/8de45b3488e0e27/node_modules/next/dist/server/require-hook.js:55:36
    at Function.resolve (node:internal/modules/helpers:193:19)
    at loadPlugin (/tmp/8de45b3488e0e27/node_modules/next/dist/build/webpack/config/blocks/css/plugins.js:49:32)
    at /tmp/8de45b3488e0e27/node_modules/next/dist/build/webpack/config/blocks/css/plugins.js:157:56
    at Array.map (&lt;anonymous&gt;)
    at getPostCssPlugins (/tmp/8de45b3488e0e27/node_modules/next/dist/build/webpack/config/blocks/css/plugins.js:157:47)
    at async /tmp/8de45b3488e0e27/node_modules/next/dist/build/webpack/config/blocks/css/index.js:124:36
    at async /tmp/8de45b3488e0e27/node_modules/next/dist/build/webpack/loaders/next-font-loader/index.js:86:33
    at async Span.traceAsyncFn (/tmp/8de45b3488e0e27/node_modules/next/dist/trace/trace.js:154:20)

./app/admin/api-keys/page.tsx
Module not found: Can&apos;t resolve &apos;@/lib/api&apos;

https://nextjs.org/docs/messages/module-not-found

./app/conversation/page.tsx
Module not found: Can&apos;t resolve &apos;@/components/ChatInterface&apos;

https://nextjs.org/docs/messages/module-not-found

./app/level-test/page.tsx
Module not found: Can&apos;t resolve &apos;@/components/VoiceRecorder&apos;

https://nextjs.org/docs/messages/module-not-found

./app/word-game/page.tsx
Module not found: Can&apos;t resolve &apos;@/components/VoiceRecorder&apos;

https://nextjs.org/docs/messages/module-not-found


&gt; Build failed because of webpack errors
/bin/bash -c &quot;oryx build /tmp/zipdeploy/extracted -o /home/site/wwwroot --platform nodejs --platform-version 20 -p virtualenv_name= --log-file /tmp/build-debug.log  -i /tmp/8de45b3488e0e27 -p compress_node_modules=tar-gz | tee /tmp/oryx-build.log ; exit $PIPESTATUS &quot;" stackTrace="   at Kudu.Core.Infrastructure.Executable.ExecuteInternal(ITracer tracer, Func`2 onWriteOutput, Func`2 onWriteError, CancellationToken token, Encoding encoding, String arguments, Object[] args) in /tmp/KuduLite/Kudu.Core/Infrastructure/Executable.cs:line 239
   at Kudu.Core.Infrastructure.Executable.ExecuteWithProgressWriter(ILogger logger, ITracer tracer, CancellationToken token, String arguments, Object[] args) in /tmp/KuduLite/Kudu.Core/Infrastructure/Executable.cs:line 118
   at Kudu.Core.Deployment.Generator.ExternalCommandBuilder.RunCommand(DeploymentContext context, String command, Boolean ignoreManifest, CancellationToken token, String message) in /tmp/KuduLite/Kudu.Core/Deployment/Generator/ExternalCommandBuilder.cs:line 122" /><!-- duration: 8ms -->
              <step title="Error occurred" date="2025-12-28T01:53:58.851" type="error" text="npm warn deprecated next@14.2.0: This version has a security vulnerability. Please upgrade to a patched version. See https://nextjs.org/blog/security-update-2025-12-11 for more details.
Failed to compile.

app/layout.tsx
An error occurred in `next/font`.

Error: Cannot find module &apos;tailwindcss&apos;
Require stack:
- /tmp/8de45b3488e0e27/node_modules/next/dist/build/webpack/config/blocks/css/plugins.js
- /tmp/8de45b3488e0e27/node_modules/next/dist/build/webpack/config/blocks/css/index.js
- /tmp/8de45b3488e0e27/node_modules/next/dist/build/webpack/config/index.js
- /tmp/8de45b3488e0e27/node_modules/next/dist/build/webpack-config.js
- /tmp/8de45b3488e0e27/node_modules/next/dist/build/webpack-build/impl.js
- /tmp/8de45b3488e0e27/node_modules/next/dist/compiled/jest-worker/processChild.js
    at Module._resolveFilename (node:internal/modules/cjs/loader:1207:15)
    at /tmp/8de45b3488e0e27/node_modules/next/dist/server/require-hook.js:55:36
    at Function.resolve (node:internal/modules/helpers:193:19)
    at loadPlugin (/tmp/8de45b3488e0e27/node_modules/next/dist/build/webpack/config/blocks/css/plugins.js:49:32)
    at /tmp/8de45b3488e0e27/node_modules/next/dist/build/webpack/config/blocks/css/plugins.js:157:56
    at Array.map (&lt;anonymous&gt;)
    at getPostCssPlugins (/tmp/8de45b3488e0e27/node_modules/next/dist/build/webpack/config/blocks/css/plugins.js:157:47)
    at async /tmp/8de45b3488e0e27/node_modules/next/dist/build/webpack/config/blocks/css/index.js:124:36
    at async /tmp/8de45b3488e0e27/node_modules/next/dist/build/webpack/loaders/next-font-loader/index.js:86:33
    at async Span.traceAsyncFn (/tmp/8de45b3488e0e27/node_modules/next/dist/trace/trace.js:154:20)

./app/admin/api-keys/page.tsx
Module not found: Can&apos;t resolve &apos;@/lib/api&apos;

https://nextjs.org/docs/messages/module-not-found

./app/conversation/page.tsx
Module not found: Can&apos;t resolve &apos;@/components/ChatInterface&apos;

https://nextjs.org/docs/messages/module-not-found

./app/level-test/page.tsx
Module not found: Can&apos;t resolve &apos;@/components/VoiceRecorder&apos;

https://nextjs.org/docs/messages/module-not-found

./app/word-game/page.tsx
Module not found: Can&apos;t resolve &apos;@/components/VoiceRecorder&apos;

https://nextjs.org/docs/messages/module-not-found


&gt; Build failed because of webpack errors
/bin/bash -c &quot;oryx build /tmp/zipdeploy/extracted -o /home/site/wwwroot --platform nodejs --platform-version 20 -p virtualenv_name= --log-file /tmp/build-debug.log  -i /tmp/8de45b3488e0e27 -p compress_node_modules=tar-gz | tee /tmp/oryx-build.log ; exit $PIPESTATUS &quot;" stackTrace="   at Kudu.Core.Infrastructure.Executable.ExecuteInternal(ITracer tracer, Func`2 onWriteOutput, Func`2 onWriteError, CancellationToken token, Encoding encoding, String arguments, Object[] args) in /tmp/KuduLite/Kudu.Core/Infrastructure/Executable.cs:line 239
   at Kudu.Core.Infrastructure.Executable.ExecuteWithProgressWriter(ILogger logger, ITracer tracer, CancellationToken token, String arguments, Object[] args) in /tmp/KuduLite/Kudu.Core/Infrastructure/Executable.cs:line 118
   at Kudu.Core.Deployment.Generator.ExternalCommandBuilder.RunCommand(DeploymentContext context, String command, Boolean ignoreManifest, CancellationToken token, String message) in /tmp/KuduLite/Kudu.Core/Deployment/Generator/ExternalCommandBuilder.cs:line 122
   at Kudu.Core.Deployment.Generator.OryxBuilder.RunBuildCommand(IOryxArguments args, DeploymentContext context, CancellationToken token) in /tmp/KuduLite/Kudu.Core/Deployment/Generator/OryxBuilder.cs:line 295
   at Kudu.Core.Deployment.Generator.OryxBuilder.Build(DeploymentContext context, CancellationToken token) in /tmp/KuduLite/Kudu.Core/Deployment/Generator/OryxBuilder.cs:line 136
   at Kudu.Core.Deployment.DeploymentManager.Build(ChangeSet changeSet, ITracer tracer, IDisposable deployStep, IRepository repository, DeploymentInfoBase deploymentInfo, DeploymentAnalytics deploymentAnalytics, Boolean fullBuildByDefault, CancellationToken cancellationToken) in /tmp/KuduLite/Kudu.Core/Deployment/DeploymentManager.cs:line 771" /><!-- duration: 7ms -->
              <step title="Using GenericDeploymentLogParser" date="2025-12-28T01:53:59.270" /><!-- duration: 6ms -->
            </step><!-- duration: 295542ms -->
          </step><!-- duration: 295797ms -->
          <step title="Error occurred" date="2025-12-28T01:54:01.179" type="error" text="npm warn deprecated next@14.2.0: This version has a security vulnerability. Please upgrade to a patched version. See https://nextjs.org/blog/security-update-2025-12-11 for more details.
Failed to compile.

app/layout.tsx
An error occurred in `next/font`.

Error: Cannot find module &apos;tailwindcss&apos;
Require stack:
- /tmp/8de45b3488e0e27/node_modules/next/dist/build/webpack/config/blocks/css/plugins.js
- /tmp/8de45b3488e0e27/node_modules/next/dist/build/webpack/config/blocks/css/index.js
- /tmp/8de45b3488e0e27/node_modules/next/dist/build/webpack/config/index.js
- /tmp/8de45b3488e0e27/node_modules/next/dist/build/webpack-config.js
- /tmp/8de45b3488e0e27/node_modules/next/dist/build/webpack-build/impl.js
- /tmp/8de45b3488e0e27/node_modules/next/dist/compiled/jest-worker/processChild.js
    at Module._resolveFilename (node:internal/modules/cjs/loader:1207:15)
    at /tmp/8de45b3488e0e27/node_modules/next/dist/server/require-hook.js:55:36
    at Function.resolve (node:internal/modules/helpers:193:19)
    at loadPlugin (/tmp/8de45b3488e0e27/node_modules/next/dist/build/webpack/config/blocks/css/plugins.js:49:32)
    at /tmp/8de45b3488e0e27/node_modules/next/dist/build/webpack/config/blocks/css/plugins.js:157:56
    at Array.map (&lt;anonymous&gt;)
    at getPostCssPlugins (/tmp/8de45b3488e0e27/node_modules/next/dist/build/webpack/config/blocks/css/plugins.js:157:47)
    at async /tmp/8de45b3488e0e27/node_modules/next/dist/build/webpack/config/blocks/css/index.js:124:36
    at async /tmp/8de45b3488e0e27/node_modules/next/dist/build/webpack/loaders/next-font-loader/index.js:86:33
    at async Span.traceAsyncFn (/tmp/8de45b3488e0e27/node_modules/next/dist/trace/trace.js:154:20)

./app/admin/api-keys/page.tsx
Module not found: Can&apos;t resolve &apos;@/lib/api&apos;

https://nextjs.org/docs/messages/module-not-found

./app/conversation/page.tsx
Module not found: Can&apos;t resolve &apos;@/components/ChatInterface&apos;

https://nextjs.org/docs/messages/module-not-found

./app/level-test/page.tsx
Module not found: Can&apos;t resolve &apos;@/components/VoiceRecorder&apos;

https://nextjs.org/docs/messages/module-not-found

./app/word-game/page.tsx
Module not found: Can&apos;t resolve &apos;@/components/VoiceRecorder&apos;

https://nextjs.org/docs/messages/module-not-found


&gt; Build failed because of webpack errors
/bin/bash -c &quot;oryx build /tmp/zipdeploy/extracted -o /home/site/wwwroot --platform nodejs --platform-version 20 -p virtualenv_name= --log-file /tmp/build-debug.log  -i /tmp/8de45b3488e0e27 -p compress_node_modules=tar-gz | tee /tmp/oryx-build.log ; exit $PIPESTATUS &quot;" stackTrace="   at Kudu.Core.Infrastructure.Executable.ExecuteInternal(ITracer tracer, Func`2 onWriteOutput, Func`2 onWriteError, CancellationToken token, Encoding encoding, String arguments, Object[] args) in /tmp/KuduLite/Kudu.Core/Infrastructure/Executable.cs:line 239
   at Kudu.Core.Infrastructure.Executable.ExecuteWithProgressWriter(ILogger logger, ITracer tracer, CancellationToken token, String arguments, Object[] args) in /tmp/KuduLite/Kudu.Core/Infrastructure/Executable.cs:line 118
   at Kudu.Core.Deployment.Generator.ExternalCommandBuilder.RunCommand(DeploymentContext context, String command, Boolean ignoreManifest, CancellationToken token, String message) in /tmp/KuduLite/Kudu.Core/Deployment/Generator/ExternalCommandBuilder.cs:line 122
   at Kudu.Core.Deployment.Generator.OryxBuilder.RunBuildCommand(IOryxArguments args, DeploymentContext context, CancellationToken token) in /tmp/KuduLite/Kudu.Core/Deployment/Generator/OryxBuilder.cs:line 295
   at Kudu.Core.Deployment.Generator.OryxBuilder.Build(DeploymentContext context, CancellationToken token) in /tmp/KuduLite/Kudu.Core/Deployment/Generator/OryxBuilder.cs:line 136
   at Kudu.Core.Deployment.DeploymentManager.Build(ChangeSet changeSet, ITracer tracer, IDisposable deployStep, IRepository repository, DeploymentInfoBase deploymentInfo, DeploymentAnalytics deploymentAnalytics, Boolean fullBuildByDefault, CancellationToken cancellationToken) in /tmp/KuduLite/Kudu.Core/Deployment/DeploymentManager.cs:line 771
   at Kudu.Core.Deployment.DeploymentManager.Build(ChangeSet changeSet, ITracer tracer, IDisposable deployStep, IRepository repository, DeploymentInfoBase deploymentInfo, DeploymentAnalytics deploymentAnalytics, Boolean fullBuildByDefault, CancellationToken cancellationToken) in /tmp/KuduLite/Kudu.Core/Deployment/DeploymentManager.cs:line 840" /><!-- duration: 12ms -->
          <step title="Cleaning up temp files" date="2025-12-28T01:54:01.268" /><!-- duration: 5042ms -->
          <step title="Cleaning up temp files" date="2025-12-28T01:54:06.323" /><!-- duration: 518ms -->
          <step title="Error occurred" date="2025-12-28T01:54:06.884" type="error" text="npm warn deprecated next@14.2.0: This version has a security vulnerability. Please upgrade to a patched version. See https://nextjs.org/blog/security-update-2025-12-11 for more details.
Failed to compile.

app/layout.tsx
An error occurred in `next/font`.

Error: Cannot find module &apos;tailwindcss&apos;
Require stack:
- /tmp/8de45b3488e0e27/node_modules/next/dist/build/webpack/config/blocks/css/plugins.js
- /tmp/8de45b3488e0e27/node_modules/next/dist/build/webpack/config/blocks/css/index.js
- /tmp/8de45b3488e0e27/node_modules/next/dist/build/webpack/config/index.js
- /tmp/8de45b3488e0e27/node_modules/next/dist/build/webpack-config.js
- /tmp/8de45b3488e0e27/node_modules/next/dist/build/webpack-build/impl.js
- /tmp/8de45b3488e0e27/node_modules/next/dist/compiled/jest-worker/processChild.js
    at Module._resolveFilename (node:internal/modules/cjs/loader:1207:15)
    at /tmp/8de45b3488e0e27/node_modules/next/dist/server/require-hook.js:55:36
    at Function.resolve (node:internal/modules/helpers:193:19)
    at loadPlugin (/tmp/8de45b3488e0e27/node_modules/next/dist/build/webpack/config/blocks/css/plugins.js:49:32)
    at /tmp/8de45b3488e0e27/node_modules/next/dist/build/webpack/config/blocks/css/plugins.js:157:56
    at Array.map (&lt;anonymous&gt;)
    at getPostCssPlugins (/tmp/8de45b3488e0e27/node_modules/next/dist/build/webpack/config/blocks/css/plugins.js:157:47)
    at async /tmp/8de45b3488e0e27/node_modules/next/dist/build/webpack/config/blocks/css/index.js:124:36
    at async /tmp/8de45b3488e0e27/node_modules/next/dist/build/webpack/loaders/next-font-loader/index.js:86:33
    at async Span.traceAsyncFn (/tmp/8de45b3488e0e27/node_modules/next/dist/trace/trace.js:154:20)

./app/admin/api-keys/page.tsx
Module not found: Can&apos;t resolve &apos;@/lib/api&apos;

https://nextjs.org/docs/messages/module-not-found

./app/conversation/page.tsx
Module not found: Can&apos;t resolve &apos;@/components/ChatInterface&apos;

https://nextjs.org/docs/messages/module-not-found

./app/level-test/page.tsx
Module not found: Can&apos;t resolve &apos;@/components/VoiceRecorder&apos;

https://nextjs.org/docs/messages/module-not-found

./app/word-game/page.tsx
Module not found: Can&apos;t resolve &apos;@/components/VoiceRecorder&apos;

https://nextjs.org/docs/messages/module-not-found


&gt; Build failed because of webpack errors
/bin/bash -c &quot;oryx build /tmp/zipdeploy/extracted -o /home/site/wwwroot --platform nodejs --platform-version 20 -p virtualenv_name= --log-file /tmp/build-debug.log  -i /tmp/8de45b3488e0e27 -p compress_node_modules=tar-gz | tee /tmp/oryx-build.log ; exit $PIPESTATUS &quot;" stackTrace="   at Kudu.Core.Infrastructure.Executable.ExecuteInternal(ITracer tracer, Func`2 onWriteOutput, Func`2 onWriteError, CancellationToken token, Encoding encoding, String arguments, Object[] args) in /tmp/KuduLite/Kudu.Core/Infrastructure/Executable.cs:line 239
   at Kudu.Core.Infrastructure.Executable.ExecuteWithProgressWriter(ILogger logger, ITracer tracer, CancellationToken token, String arguments, Object[] args) in /tmp/KuduLite/Kudu.Core/Infrastructure/Executable.cs:line 118
   at Kudu.Core.Deployment.Generator.ExternalCommandBuilder.RunCommand(DeploymentContext context, String command, Boolean ignoreManifest, CancellationToken token, String message) in /tmp/KuduLite/Kudu.Core/Deployment/Generator/ExternalCommandBuilder.cs:line 122
   at Kudu.Core.Deployment.Generator.OryxBuilder.RunBuildCommand(IOryxArguments args, DeploymentContext context, CancellationToken token) in /tmp/KuduLite/Kudu.Core/Deployment/Generator/OryxBuilder.cs:line 295
   at Kudu.Core.Deployment.Generator.OryxBuilder.Build(DeploymentContext context, CancellationToken token) in /tmp/KuduLite/Kudu.Core/Deployment/Generator/OryxBuilder.cs:line 136
   at Kudu.Core.Deployment.DeploymentManager.Build(ChangeSet changeSet, ITracer tracer, IDisposable deployStep, IRepository repository, DeploymentInfoBase deploymentInfo, DeploymentAnalytics deploymentAnalytics, Boolean fullBuildByDefault, CancellationToken cancellationToken) in /tmp/KuduLite/Kudu.Core/Deployment/DeploymentManager.cs:line 771
   at Kudu.Core.Deployment.DeploymentManager.Build(ChangeSet changeSet, ITracer tracer, IDisposable deployStep, IRepository repository, DeploymentInfoBase deploymentInfo, DeploymentAnalytics deploymentAnalytics, Boolean fullBuildByDefault, CancellationToken cancellationToken) in /tmp/KuduLite/Kudu.Core/Deployment/DeploymentManager.cs:line 840
   at Kudu.Core.Deployment.DeploymentManager.DeployAsync(IRepository repository, ChangeSet changeSet, String deployer, Boolean clean, DeploymentInfoBase deploymentInfo, Boolean needFileUpdate, Boolean fullBuildByDefault) in /tmp/KuduLite/Kudu.Core/Deployment/DeploymentManager.cs:line 266" /><!-- duration: 9ms -->
        </step><!-- duration: 301709ms -->
        <step title="Reloading status file with latest updates" date="2025-12-28T01:54:07.000" >
          <step title="WebHooksManager.PublishEventAsync: PostDeployment" date="2025-12-28T01:54:07.009" /><!-- duration: 233ms -->
        </step><!-- duration: 247ms -->
        <step title="Error occurred" date="2025-12-28T01:54:07.255" type="error" text="npm warn deprecated next@14.2.0: This version has a security vulnerability. Please upgrade to a patched version. See https://nextjs.org/blog/security-update-2025-12-11 for more details.
Failed to compile.

app/layout.tsx
An error occurred in `next/font`.

Error: Cannot find module &apos;tailwindcss&apos;
Require stack:
- /tmp/8de45b3488e0e27/node_modules/next/dist/build/webpack/config/blocks/css/plugins.js
- /tmp/8de45b3488e0e27/node_modules/next/dist/build/webpack/config/blocks/css/index.js
- /tmp/8de45b3488e0e27/node_modules/next/dist/build/webpack/config/index.js
- /tmp/8de45b3488e0e27/node_modules/next/dist/build/webpack-config.js
- /tmp/8de45b3488e0e27/node_modules/next/dist/build/webpack-build/impl.js
- /tmp/8de45b3488e0e27/node_modules/next/dist/compiled/jest-worker/processChild.js
    at Module._resolveFilename (node:internal/modules/cjs/loader:1207:15)
    at /tmp/8de45b3488e0e27/node_modules/next/dist/server/require-hook.js:55:36
    at Function.resolve (node:internal/modules/helpers:193:19)
    at loadPlugin (/tmp/8de45b3488e0e27/node_modules/next/dist/build/webpack/config/blocks/css/plugins.js:49:32)
    at /tmp/8de45b3488e0e27/node_modules/next/dist/build/webpack/config/blocks/css/plugins.js:157:56
    at Array.map (&lt;anonymous&gt;)
    at getPostCssPlugins (/tmp/8de45b3488e0e27/node_modules/next/dist/build/webpack/config/blocks/css/plugins.js:157:47)
    at async /tmp/8de45b3488e0e27/node_modules/next/dist/build/webpack/config/blocks/css/index.js:124:36
    at async /tmp/8de45b3488e0e27/node_modules/next/dist/build/webpack/loaders/next-font-loader/index.js:86:33
    at async Span.traceAsyncFn (/tmp/8de45b3488e0e27/node_modules/next/dist/trace/trace.js:154:20)

./app/admin/api-keys/page.tsx
Module not found: Can&apos;t resolve &apos;@/lib/api&apos;

https://nextjs.org/docs/messages/module-not-found

./app/conversation/page.tsx
Module not found: Can&apos;t resolve &apos;@/components/ChatInterface&apos;

https://nextjs.org/docs/messages/module-not-found

./app/level-test/page.tsx
Module not found: Can&apos;t resolve &apos;@/components/VoiceRecorder&apos;

https://nextjs.org/docs/messages/module-not-found

./app/word-game/page.tsx
Module not found: Can&apos;t resolve &apos;@/components/VoiceRecorder&apos;

https://nextjs.org/docs/messages/module-not-found


&gt; Build failed because of webpack errors
/bin/bash -c &quot;oryx build /tmp/zipdeploy/extracted -o /home/site/wwwroot --platform nodejs --platform-version 20 -p virtualenv_name= --log-file /tmp/build-debug.log  -i /tmp/8de45b3488e0e27 -p compress_node_modules=tar-gz | tee /tmp/oryx-build.log ; exit $PIPESTATUS &quot;" stackTrace="   at Kudu.Core.Infrastructure.Executable.ExecuteInternal(ITracer tracer, Func`2 onWriteOutput, Func`2 onWriteError, CancellationToken token, Encoding encoding, String arguments, Object[] args) in /tmp/KuduLite/Kudu.Core/Infrastructure/Executable.cs:line 239
   at Kudu.Core.Infrastructure.Executable.ExecuteWithProgressWriter(ILogger logger, ITracer tracer, CancellationToken token, String arguments, Object[] args) in /tmp/KuduLite/Kudu.Core/Infrastructure/Executable.cs:line 118
   at Kudu.Core.Deployment.Generator.ExternalCommandBuilder.RunCommand(DeploymentContext context, String command, Boolean ignoreManifest, CancellationToken token, String message) in /tmp/KuduLite/Kudu.Core/Deployment/Generator/ExternalCommandBuilder.cs:line 122
   at Kudu.Core.Deployment.Generator.OryxBuilder.RunBuildCommand(IOryxArguments args, DeploymentContext context, CancellationToken token) in /tmp/KuduLite/Kudu.Core/Deployment/Generator/OryxBuilder.cs:line 295
   at Kudu.Core.Deployment.Generator.OryxBuilder.Build(DeploymentContext context, CancellationToken token) in /tmp/KuduLite/Kudu.Core/Deployment/Generator/OryxBuilder.cs:line 136
   at Kudu.Core.Deployment.DeploymentManager.Build(ChangeSet changeSet, ITracer tracer, IDisposable deployStep, IRepository repository, DeploymentInfoBase deploymentInfo, DeploymentAnalytics deploymentAnalytics, Boolean fullBuildByDefault, CancellationToken cancellationToken) in /tmp/KuduLite/Kudu.Core/Deployment/DeploymentManager.cs:line 771
   at Kudu.Core.Deployment.DeploymentManager.Build(ChangeSet changeSet, ITracer tracer, IDisposable deployStep, IRepository repository, DeploymentInfoBase deploymentInfo, DeploymentAnalytics deploymentAnalytics, Boolean fullBuildByDefault, CancellationToken cancellationToken) in /tmp/KuduLite/Kudu.Core/Deployment/DeploymentManager.cs:line 840
   at Kudu.Core.Deployment.DeploymentManager.DeployAsync(IRepository repository, ChangeSet changeSet, String deployer, Boolean clean, DeploymentInfoBase deploymentInfo, Boolean needFileUpdate, Boolean fullBuildByDefault) in /tmp/KuduLite/Kudu.Core/Deployment/DeploymentManager.cs:line 266" /><!-- duration: 17ms -->
        <step title="Marking deployment as failed and cleaning up the temp deployment" date="2025-12-28T01:54:07.374" /><!-- duration: 8ms -->
      </step><!-- duration: 304037ms -->
      <step title="Error occurred" date="2025-12-28T01:54:07.536" type="error" text="One or more errors occurred. (Deployment failed)" stackTrace="   at System.Threading.Tasks.Task.ThrowIfExceptional(Boolean includeTaskCanceledExceptions)
   at System.Threading.Tasks.Task.Wait(Int32 millisecondsTimeout, CancellationToken cancellationToken)
   at System.Threading.Tasks.Task.Wait()
   at Kudu.Core.Deployment.FetchDeploymentManager.&lt;&gt;c__DisplayClass22_1.&lt;PerformBackgroundDeployment&gt;b__3() in /tmp/KuduLite/Kudu.Core/Deployment/FetchDeploymentManager.cs:line 414
   at Kudu.Contracts.Infrastructure.LockExtensions.TryLockOperation(IOperationLock lockObj, Action operation, String operationName, TimeSpan timeout) in /tmp/KuduLite/Kudu.Contracts/Infrastructure/LockExtensions.cs:line 34
   at Kudu.Contracts.Infrastructure.LockExtensions.LockOperation(IOperationLock lockObj, Action operation, String operationName, TimeSpan timeout) in /tmp/KuduLite/Kudu.Contracts/Infrastructure/LockExtensions.cs:line 46
   at Kudu.Core.Deployment.FetchDeploymentManager.&lt;&gt;c__DisplayClass22_0.&lt;PerformBackgroundDeployment&gt;b__1() in /tmp/KuduLite/Kudu.Core/Deployment/FetchDeploymentManager.cs:line 393" innerText="Deployment failed" innerStackTrace="   at Kudu.Core.Deployment.DeploymentManager.DeployAsync(IRepository repository, ChangeSet changeSet, String deployer, Boolean clean, DeploymentInfoBase deploymentInfo, Boolean needFileUpdate, Boolean fullBuildByDefault) in /tmp/KuduLite/Kudu.Core/Deployment/DeploymentManager.cs:line 307
   at Kudu.Core.Deployment.FetchDeploymentManager.PerformDeployment(DeploymentInfoBase deploymentInfo, IDisposable tempDeployment, ChangeSet tempChangeSet, DeployStatusApiResult updateStatusObj) in /tmp/KuduLite/Kudu.Core/Deployment/FetchDeploymentManager.cs:line 230" /><!-- duration: 4ms -->
    </step><!-- duration: 304091ms -->
