<step title="Incoming Request" date="2025-12-28T04:39:42.417" instance="978831" url="/api/deployments/latest" method="GET" type="request" pid="833,1,52" Accept="*/*" Host="hanclass-frontend.scm.azurewebsites.net" User-Agent="AZURECLI/2.81.0 (HOMEBREW)" Accept-Encoding="gzip, deflate" Authorization="Bea..." x-ms-client-request-id="2edc2bd8-e3a7-11f0-bf48-3296fc4ad343" X-ARR-LOG-ID="2edc2bd8-e3a7-11f0-bf48-3296fc4ad343" CLIENT-IP="118.131.67.58:60501" X-SITE-DEPLOYMENT-ID="hanclass-frontend" WAS-DEFAULT-HOSTNAME="hanclass-frontend.scm.azurewebsites.net" X-Forwarded-Proto="https" X-AppService-Proto="https" X-Forwarded-TlsVersion="1.3" X-WAWS-Unencoded-URL="/api/deployments/latest" X-Client-IP="118.131.67.58" X-Client-Port="60501" >
  <step title="Cleanup Xml Logs" date="2025-12-28T04:39:42.438" >
    <step title="Cleanup Infos" date="2025-12-28T04:39:42.511" totalFiles="241" totalCleanup="81" /><!-- duration: 71ms -->
  </step><!-- duration: 161ms -->
  <step title="DeploymentService.GetResult" date="2025-12-28T04:39:42.624" >
    <step title="DeploymentService.GetLatestDeployment" date="2025-12-28T04:39:42.651" >
      <step title="DeploymentManager.GetResults" date="2025-12-28T04:39:42.688" /><!-- duration: 1198ms -->
    </step><!-- duration: 1254ms -->
  </step><!-- duration: 1300ms -->
  <step title="Outgoing response" date="2025-12-28T04:39:43.990" type="response" statusCode="202" statusText="Accepted" /><!-- duration: 27ms -->
</step><!-- duration: 1631ms -->
