<step title="Incoming Request" date="2025-12-27T11:51:29.703" instance="978831" url="/api/publish?type=zip&amp;async=True" method="POST" type="request" pid="833,1,19" Accept="*/*" Host="hanclass-frontend.scm.azurewebsites.net" User-Agent="AZURECLI/2.81.0 (HOMEBREW)" Accept-Encoding="gzip, deflate" Authorization="Bea..." Cache-Control="no-cache" Content-Type="application/octet-stream" Cookie="ARRAffinity=978831a12b989a546f04a417ac73afab2417e3847711476ee09674c03af7af1b; ARRAffinitySameSite=978831a12b989a546f04a417ac73afab2417e3847711476ee09674c03af7af1b" Content-Length="26060" x-ms-client-request-id="5ee94780-e31a-11f0-b269-3296fc4ad343" x-ms-artifact-checksum="eae72d9e78d0798c1df01252f038fc22db0dc276299084d1a626ab81876c1b5a" X-ARR-LOG-ID="5ee94780-e31a-11f0-b269-3296fc4ad343" CLIENT-IP="221.140.73.24:55786" X-SITE-DEPLOYMENT-ID="hanclass-frontend" WAS-DEFAULT-HOSTNAME="hanclass-frontend.scm.azurewebsites.net" X-Forwarded-Proto="https" X-AppService-Proto="https" X-Forwarded-TlsVersion="1.3" X-WAWS-Unencoded-URL="/api/publish?type=zip&amp;async=True" X-Client-IP="221.140.73.24" X-Client-Port="55786" >
  <step title="OneDeploy" date="2025-12-27T11:51:29.825" >
    <step title="None repository commit" date="2025-12-27T11:51:29.864" >
      <step title="Commit id: c5cc4f99-595e-45f8-8228-baaab59cadf5" date="2025-12-27T11:51:29.875" Message="N/A" AuthorName="N/A" AuthorEmail="N/A" /><!-- duration: 5ms -->
    </step><!-- duration: 23ms -->
    <step title="Starting PushDeployAsync" date="2025-12-27T11:51:29.893" /><!-- duration: 5ms -->
    <step title="Writing artifact to /tmp/zipdeploy/692e52b8-f2b2-43d0-8f82-d47e82b34341.zip" date="2025-12-27T11:51:29.947" >
      <step title="Writing multipart request body to /tmp/zipdeploy/692e52b8-f2b2-43d0-8f82-d47e82b34341.zip" date="2025-12-27T11:51:29.953" /><!-- duration: 13ms -->
    </step><!-- duration: 162ms -->
    <step title="Start deployment in the background" date="2025-12-27T11:51:30.148" >
      <step title="Acquiring Deployment Lock" date="2025-12-27T11:51:30.186" /><!-- duration: 9ms -->
      <step title="Acquired Deployment Lock" date="2025-12-27T11:51:30.253" /><!-- duration: 5ms -->
    </step><!-- duration: 369ms -->
  </step><!-- duration: 703ms -->
  <step title="Outgoing response" date="2025-12-27T11:51:30.540" type="response" statusCode="202" statusText="Accepted" /><!-- duration: 6ms -->
</step><!-- duration: 849ms -->
