<step title="BackgroundTrace" date="2025-12-28T04:39:31.159" instance="978831" url="/api/publish" method="POST" >
  <step title="Cleanup Xml Logs" date="2025-12-28T04:39:31.165" >
    <step title="Cleanup Infos" date="2025-12-28T04:39:31.294" totalFiles="239" totalCleanup="79" /><!-- duration: 32ms -->
  </step><!-- duration: 166ms -->
  <step title="Creating temporary deployment - FetchDeploymentManager" date="2025-12-28T04:39:31.639" /><!-- duration: 6ms -->
  <step title="Creating temporary deployment" date="2025-12-28T04:39:31.667" /><!-- duration: 133ms -->
  <step title="Performing fetch based deployment" date="2025-12-28T04:39:31.957" >
    <step title="Cleaning up temp folders from previous zip deployments and extracting pushed zip file /tmp/zipdeploy/62229041-d831-43f2-b41a-5f1d6db153e8.zip (0.02 MB) to /tmp/zipdeploy/extracted" date="2025-12-28T04:39:34.105" >
      <step title="ChmodRecursive Process exited with total time taken in ms: 212" date="2025-12-28T04:39:36.507" /><!-- duration: 44ms -->
    </step><!-- duration: 2475ms -->
    <step title="Deployment timer started" date="2025-12-28T04:39:38.949" >
      <step title="DeploymentManager.Deploy(id:b5076bb6-050d-4276-8602-4415f2fa4dc9)" date="2025-12-28T04:39:39.224" >
        <step title="Collecting changeset information" date="2025-12-28T04:39:39.558" /><!-- duration: 225ms -->
        <step title="Updating submodules" date="2025-12-28T04:39:39.794" /><!-- duration: 1323ms -->
        <step title="Determining deployment builder" date="2025-12-28T04:39:41.926" >
          <step title="Builder is OryxBuilder" date="2025-12-28T04:39:41.982" /><!-- duration: 12ms -->
        </step><!-- duration: 86ms -->
        <step title="PreDeployment: context.CleanOutputPath False" date="2025-12-28T04:39:42.284" >
          <step title="PreDeployment: context.OutputPath /home/site/wwwroot" date="2025-12-28T04:39:42.626" >
            <step title="Building" date="2025-12-28T04:39:43.008" >
              <step title="Executing external process" date="2025-12-28T04:39:44.668" type="process" path="bash" arguments="-c &quot;oryx build /tmp/zipdeploy/extracted -o /home/site/wwwroot --platform nodejs --platform-version 20 -p virtualenv_name= --log-file /tmp/build-debug.log  -i /tmp/8de45cb1e2fe34f -p compress_node_modules=tar-gz | tee /tmp/oryx-build.log ; exit $PIPESTATUS &quot;" 