<step title="Incoming Request" date="2025-12-28T01:48:59.041" instance="978831" url="/api/publish?type=zip&amp;async=True" method="POST" type="request" pid="833,1,24" Accept="*/*" Host="hanclass-frontend.scm.azurewebsites.net" User-Agent="AZURECLI/2.81.0 (HOMEBREW)" Accept-Encoding="gzip, deflate" Authorization="Bea..." Cache-Control="no-cache" Content-Type="application/octet-stream" Cookie="ARRAffinity=978831a12b989a546f04a417ac73afab2417e3847711476ee09674c03af7af1b; ARRAffinitySameSite=978831a12b989a546f04a417ac73afab2417e3847711476ee09674c03af7af1b" Content-Length="26029" x-ms-client-request-id="5c8b42c0-e38f-11f0-abcd-3296fc4ad343" x-ms-artifact-checksum="c28cb39b7073058c59fbf4dea1b49f7fedac3606c0f0d171d5abd891373325fb" X-ARR-LOG-ID="5c8b42c0-e38f-11f0-abcd-3296fc4ad343" CLIENT-IP="118.131.67.58:60003" X-SITE-DEPLOYMENT-ID="hanclass-frontend" WAS-DEFAULT-HOSTNAME="hanclass-frontend.scm.azurewebsites.net" X-Forwarded-Proto="https" X-AppService-Proto="https" X-Forwarded-TlsVersion="1.3" X-WAWS-Unencoded-URL="/api/publish?type=zip&amp;async=True" X-Client-IP="118.131.67.58" X-Client-Port="60003" >
  <step title="OneDeploy" date="2025-12-28T01:48:59.219" >
    <step title="None repository commit" date="2025-12-28T01:48:59.277" >
      <step title="Commit id: 932cf778-2a56-47f3-8335-f26825a2f46e" date="2025-12-28T01:48:59.284" Message="N/A" AuthorName="N/A" AuthorEmail="N/A" /><!-- duration: 6ms -->
    </step><!-- duration: 18ms -->
    <step title="Starting PushDeployAsync" date="2025-12-28T01:48:59.302" /><!-- duration: 6ms -->
    <step title="Writing artifact to /tmp/zipdeploy/7427c4c6-4a3a-4355-a50a-5ece8867ad39.zip" date="2025-12-28T01:48:59.355" >
      <step title="Writing multipart request body to /tmp/zipdeploy/7427c4c6-4a3a-4355-a50a-5ece8867ad39.zip" date="2025-12-28T01:48:59.378" /><!-- duration: 8ms -->
    </step><!-- duration: 188ms -->
    <step title="Start deployment in the background" date="2025-12-28T01:48:59.565" >
      <step title="Acquiring Deployment Lock" date="2025-12-28T01:48:59.601" /><!-- duration: 9ms -->
      <step title="Acquired Deployment Lock" date="2025-12-28T01:48:59.690" /><!-- duration: 5ms -->
    </step><!-- duration: 309ms -->
  </step><!-- duration: 670ms -->
  <step title="Outgoing response" date="2025-12-28T01:48:59.902" type="response" statusCode="202" statusText="Accepted" /><!-- duration: 4ms -->
</step><!-- duration: 869ms -->
