<step title="Incoming Request" date="2025-12-28T05:01:45.335" instance="978831" url="/api/deployments/latest" method="GET" type="request" pid="833,1,17" Accept="*/*" Host="hanclass-frontend.scm.azurewebsites.net" User-Agent="AZURECLI/2.81.0 (HOMEBREW)" Accept-Encoding="gzip, deflate" Authorization="Bea..." x-ms-client-request-id="48d0a99e-e3aa-11f0-bc16-3296fc4ad343" X-ARR-LOG-ID="48d0a99e-e3aa-11f0-bc16-3296fc4ad343" CLIENT-IP="118.131.67.58:50688" X-SITE-DEPLOYMENT-ID="hanclass-frontend" WAS-DEFAULT-HOSTNAME="hanclass-frontend.scm.azurewebsites.net" X-Forwarded-Proto="https" X-AppService-Proto="https" X-Forwarded-TlsVersion="1.3" X-WAWS-Unencoded-URL="/api/deployments/latest" X-Client-IP="118.131.67.58" X-Client-Port="50688" >
  <step title="Cleanup Xml Logs" date="2025-12-28T05:01:45.346" >
    <step title="Cleanup Infos" date="2025-12-28T05:01:45.403" totalFiles="280" totalCleanup="120" /><!-- duration: 66ms -->
  </step><!-- duration: 145ms -->
  <step title="DeploymentService.GetResult" date="2025-12-28T05:01:45.556" >
    <step title="DeploymentService.GetLatestDeployment" date="2025-12-28T05:01:45.567" >
      <step title="DeploymentManager.GetResults" date="2025-12-28T05:01:45.595" /><!-- duration: 1157ms -->
    </step><!-- duration: 1223ms -->
  </step><!-- duration: 1261ms -->
  <step title="Outgoing response" date="2025-12-28T05:01:46.866" type="response" statusCode="202" statusText="Accepted" /><!-- duration: 19ms -->
</step><!-- duration: 1575ms -->
