<step title="Incoming Request" date="2025-12-28T06:32:26.306" instance="978831" url="/api/deployments/latest" method="GET" type="request" pid="833,1,16" Accept="*/*" Host="hanclass-frontend.scm.azurewebsites.net" User-Agent="AZURECLI/2.81.0 (HOMEBREW)" Accept-Encoding="gzip, deflate" Authorization="Bea..." x-ms-client-request-id="ed043af6-e3b6-11f0-a214-3296fc4ad343" X-ARR-LOG-ID="ed043af6-e3b6-11f0-a214-3296fc4ad343" CLIENT-IP="118.131.67.58:57662" X-SITE-DEPLOYMENT-ID="hanclass-frontend" WAS-DEFAULT-HOSTNAME="hanclass-frontend.scm.azurewebsites.net" X-Forwarded-Proto="https" X-AppService-Proto="https" X-Forwarded-TlsVersion="1.3" X-WAWS-Unencoded-URL="/api/deployments/latest" X-Client-IP="118.131.67.58" X-Client-Port="57662" >
  <step title="Cleanup Xml Logs" date="2025-12-28T06:32:26.335" >
    <step title="Cleanup Infos" date="2025-12-28T06:32:26.437" totalFiles="304" totalCleanup="144" /><!-- duration: 46ms -->
  </step><!-- duration: 159ms -->
  <step title="DeploymentService.GetResult" date="2025-12-28T06:32:26.702" >
    <step title="DeploymentService.GetLatestDeployment" date="2025-12-28T06:32:26.739" >
      <step title="DeploymentManager.GetResults" date="2025-12-28T06:32:26.775" /><!-- duration: 1071ms -->
    </step><!-- duration: 1183ms -->
  </step><!-- duration: 1248ms -->
  <step title="Outgoing response" date="2025-12-28T06:32:27.981" type="response" statusCode="202" statusText="Accepted" /><!-- duration: 18ms -->
</step><!-- duration: 1719ms -->
