<step title="BackgroundTrace" date="2025-12-28T06:48:00.922" instance="978831" url="/api/publish" method="POST" >
  <step title="Creating temporary deployment - FetchDeploymentManager" date="2025-12-28T06:48:00.998" /><!-- duration: 3ms -->
  <step title="Creating temporary deployment" date="2025-12-28T06:48:01.007" /><!-- duration: 75ms -->
  <step title="Performing fetch based deployment" date="2025-12-28T06:48:01.127" >
    <step title="Cleaning up temp folders from previous zip deployments and extracting pushed zip file /tmp/zipdeploy/a8896dba-35f9-4cf0-bd31-85b81bc407fc.zip (0.03 MB) to /tmp/zipdeploy/extracted" date="2025-12-28T06:48:02.441" >
      <step title="ChmodRecursive Process exited with total time taken in ms: 283" date="2025-12-28T06:48:03.032" /><!-- duration: 50ms -->
    </step><!-- duration: 677ms -->
    <step title="Deployment timer started" date="2025-12-28T06:48:05.206" >
      <step title="DeploymentManager.Deploy(id:81dd763d-760b-4c81-a659-242b2809a02f)" date="2025-12-28T06:48:05.216" >
        <step title="Collecting changeset information" date="2025-12-28T06:48:05.257" /><!-- duration: 112ms -->
        <step title="Updating submodules" date="2025-12-28T06:48:05.377" /><!-- duration: 1157ms -->
        <step title="Determining deployment builder" date="2025-12-28T06:48:06.801" >
          <step title="Builder is OryxBuilder" date="2025-12-28T06:48:06.821" /><!-- duration: 9ms -->
        </step><!-- duration: 40ms -->
        <step title="PreDeployment: context.CleanOutputPath False" date="2025-12-28T06:48:06.899" >
          <step title="PreDeployment: context.OutputPath /home/site/wwwroot" date="2025-12-28T06:48:07.076" >
            <step title="Building" date="2025-12-28T06:48:07.361" >
              <step title="Executing external process" date="2025-12-28T06:48:08.431" type="process" path="bash" arguments="-c &quot;oryx build /tmp/zipdeploy/extracted -o /home/site/wwwroot --platform nodejs --platform-version 20 -p virtualenv_name= --log-file /tmp/build-debug.log  -i /tmp/8de45dd0e9da52f -p compress_node_modules=tar-gz | tee /tmp/oryx-build.log ; exit $PIPESTATUS &quot;" >
                <step title="Cpu: npm install(1539,28.230s)+build.sh(1433,0.050s)+oryx(1409,7.620s)+tee(1410,0.010s)+bash(1408,0.000s)=total(35.910s)" date="2025-12-28T06:49:44.874" /><!-- duration: 30ms -->
                <step title="bash: no io activity for 60s, prev-cpu=-1.000s, current-cpu=35.910s" date="2025-12-28T06:49:44.930" /><!-- duration: 20ms -->
                <step title="Cpu: npm install(1539,53.560s)+build.sh(1433,0.050s)+oryx(1409,7.730s)+tee(1410,0.010s)+bash(1408,0.000s)=total(61.310s)" date="2025-12-28T06:50:45.614" /><!-- duration: 20ms -->
                <step title="bash: no io activity for 121s, prev-cpu=35.910s, current-cpu=61.310s" date="2025-12-28T06:50:45.673" /><!-- duration: 6ms -->
                <step title="Cpu: node(1623,42.650s)+sh(1622,0.000s)+npm run build(1611,0.640s)+build.sh(1433,0.060s)+oryx(1409,8.120s)+tee(1410,0.010s)+bash(1408,0.000s)=total(51.420s)" date="2025-12-28T06:52:26.750" /><!-- duration: 106ms -->
                <step title="bash: no io activity for 61s, prev-cpu=-1.000s, current-cpu=51.420s" date="2025-12-28T06:52:27.148" /><!-- duration: 27ms -->
                <step title="Cpu: npm install typ(1695,13.830s)+node(1672,0.440s)+node(1623,60.570s)+sh(1622,0.000s)+npm run build(1611,0.640s)+build.sh(1433,0.060s)+oryx(1409,8.290s)+tee(1410,0.010s)+bash(1408,0.000s)=total(83.770s)" date="2025-12-28T06:54:18.643" /><!-- duration: 41ms -->
                <step title="bash: no io activity for 61s, prev-cpu=-1.000s, current-cpu=83.770s" date="2025-12-28T06:54:18.909" /><!-- duration: 85ms -->
                <step title="Cpu: node(1672,20.050s)+node(1623,63.090s)+sh(1622,0.000s)+npm run build(1611,0.640s)+build.sh(1433,0.060s)+oryx(1409,9.040s)+tee(1410,0.010s)+bash(1408,0.000s)=total(92.740s)" date="2025-12-28T06:57:26.098" /><!-- duration: 66ms -->
                <step title="bash: no io activity for 61s, prev-cpu=-1.000s, current-cpu=92.740s" date="2025-12-28T06:57:26.248" /><!-- duration: 76ms -->
                <step title="Process dump" date="2025-12-28T06:58:00.509" exitCode="1" type="processOutput" /><!-- duration: 10ms -->
              </step><!-- duration: 592123ms -->
              <step title="Error occurred" date="2025-12-28T06:58:00.657" type="error" text="npm warn deprecated next@14.2.0: This version has a security vulnerability. Please upgrade to a patched version. See https://nextjs.org/blog/security-update-2025-12-11 for more details.
npm warn deprecated inflight@1.0.6: This module is not supported, and leaks memory. Do not use it. Check out lru-cache if you want a good and tested way to coalesce async requests by a key value, which is much more comprehensive and powerful.
npm warn deprecated @humanwhocodes/config-array@0.13.0: Use @eslint/config-array instead
npm warn deprecated rimraf@3.0.2: Rimraf versions prior to v4 are no longer supported
npm warn deprecated @humanwhocodes/object-schema@2.0.3: Use @eslint/object-schema instead
npm warn deprecated glob@7.2.3: Glob versions prior to v9 are no longer supported
npm warn deprecated eslint@8.57.1: This version is no longer supported. Please see https://eslint.org/version-support for other options.
Failed to compile.

./lib/api.ts:15:5
Type error: Element implicitly has an &apos;any&apos; type because expression of type &apos;&quot;Authorization&quot;&apos; can&apos;t be used to index type &apos;HeadersInit&apos;.
  Property &apos;Authorization&apos; does not exist on type &apos;HeadersInit&apos;.

[0m [90m 13 |[39m[0m
[0m [90m 14 |[39m   [36mif[39m (token) {[0m
[0m[31m[1m&gt;[22m[39m[90m 15 |[39m     headers[[32m&apos;Authorization&apos;[39m] [33m=[39m [32m`Bearer ${token}`[39m[33m;[39m[0m
[0m [90m    |[39m     [31m[1m^[22m[39m[0m
[0m [90m 16 |[39m   }[0m
[0m [90m 17 |[39m[0m
[0m [90m 18 |[39m   [36mconst[39m response [33m=[39m [36mawait[39m fetch([32m`${API_URL}${endpoint}`[39m[33m,[39m {[0m
/bin/bash -c &quot;oryx build /tmp/zipdeploy/extracted -o /home/site/wwwroot --platform nodejs --platform-version 20 -p virtualenv_name= --log-file /tmp/build-debug.log  -i /tmp/8de45dd0e9da52f -p compress_node_modules=tar-gz | tee /tmp/oryx-build.log ; exit $PIPESTATUS &quot;" stackTrace="   at Kudu.Core.Infrastructure.Executable.ExecuteInternal(ITracer tracer, Func`2 onWriteOutput, Func`2 onWriteError, CancellationToken token, Encoding encoding, String arguments, Object[] args) in /tmp/KuduLite/Kudu.Core/Infrastructure/Executable.cs:line 239
   at Kudu.Core.Infrastructure.Executable.ExecuteWithProgressWriter(ILogger logger, ITracer tracer, CancellationToken token, String arguments, Object[] args) in /tmp/KuduLite/Kudu.Core/Infrastructure/Executable.cs:line 118
   at Kudu.Core.Deployment.Generator.ExternalCommandBuilder.RunCommand(DeploymentContext context, String command, Boolean ignoreManifest, CancellationToken token, String message) in /tmp/KuduLite/Kudu.Core/Deployment/Generator/ExternalCommandBuilder.cs:line 122" /><!-- duration: 12ms -->
              <step title="Error occurred" date="2025-12-28T06:58:00.767" type="error" text="npm warn deprecated next@14.2.0: This version has a security vulnerability. Please upgrade to a patched version. See https://nextjs.org/blog/security-update-2025-12-11 for more details.
npm warn deprecated inflight@1.0.6: This module is not supported, and leaks memory. Do not use it. Check out lru-cache if you want a good and tested way to coalesce async requests by a key value, which is much more comprehensive and powerful.
npm warn deprecated @humanwhocodes/config-array@0.13.0: Use @eslint/config-array instead
npm warn deprecated rimraf@3.0.2: Rimraf versions prior to v4 are no longer supported
npm warn deprecated @humanwhocodes/object-schema@2.0.3: Use @eslint/object-schema instead
npm warn deprecated glob@7.2.3: Glob versions prior to v9 are no longer supported
npm warn deprecated eslint@8.57.1: This version is no longer supported. Please see https://eslint.org/version-support for other options.
Failed to compile.

./lib/api.ts:15:5
Type error: Element implicitly has an &apos;any&apos; type because expression of type &apos;&quot;Authorization&quot;&apos; can&apos;t be used to index type &apos;HeadersInit&apos;.
  Property &apos;Authorization&apos; does not exist on type &apos;HeadersInit&apos;.

[0m [90m 13 |[39m[0m
[0m [90m 14 |[39m   [36mif[39m (token) {[0m
[0m[31m[1m&gt;[22m[39m[90m 15 |[39m     headers[[32m&apos;Authorization&apos;[39m] [33m=[39m [32m`Bearer ${token}`[39m[33m;[39m[0m
[0m [90m    |[39m     [31m[1m^[22m[39m[0m
[0m [90m 16 |[39m   }[0m
[0m [90m 17 |[39m[0m
[0m [90m 18 |[39m   [36mconst[39m response [33m=[39m [36mawait[39m fetch([32m`${API_URL}${endpoint}`[39m[33m,[39m {[0m
/bin/bash -c &quot;oryx build /tmp/zipdeploy/extracted -o /home/site/wwwroot --platform nodejs --platform-version 20 -p virtualenv_name= --log-file /tmp/build-debug.log  -i /tmp/8de45dd0e9da52f -p compress_node_modules=tar-gz | tee /tmp/oryx-build.log ; exit $PIPESTATUS &quot;" stackTrace="   at Kudu.Core.Infrastructure.Executable.ExecuteInternal(ITracer tracer, Func`2 onWriteOutput, Func`2 onWriteError, CancellationToken token, Encoding encoding, String arguments, Object[] args) in /tmp/KuduLite/Kudu.Core/Infrastructure/Executable.cs:line 239
   at Kudu.Core.Infrastructure.Executable.ExecuteWithProgressWriter(ILogger logger, ITracer tracer, CancellationToken token, String arguments, Object[] args) in /tmp/KuduLite/Kudu.Core/Infrastructure/Executable.cs:line 118
   at Kudu.Core.Deployment.Generator.ExternalCommandBuilder.RunCommand(DeploymentContext context, String command, Boolean ignoreManifest, CancellationToken token, String message) in /tmp/KuduLite/Kudu.Core/Deployment/Generator/ExternalCommandBuilder.cs:line 122
   at Kudu.Core.Deployment.Generator.OryxBuilder.RunBuildCommand(IOryxArguments args, DeploymentContext context, CancellationToken token) in /tmp/KuduLite/Kudu.Core/Deployment/Generator/OryxBuilder.cs:line 295
   at Kudu.Core.Deployment.Generator.OryxBuilder.Build(DeploymentContext context, CancellationToken token) in /tmp/KuduLite/Kudu.Core/Deployment/Generator/OryxBuilder.cs:line 136
   at Kudu.Core.Deployment.DeploymentManager.Build(ChangeSet changeSet, ITracer tracer, IDisposable deployStep, IRepository repository, DeploymentInfoBase deploymentInfo, DeploymentAnalytics deploymentAnalytics, Boolean fullBuildByDefault, CancellationToken cancellationToken) in /tmp/KuduLite/Kudu.Core/Deployment/DeploymentManager.cs:line 771" /><!-- duration: 8ms -->
              <step title="Using GenericDeploymentLogParser" date="2025-12-28T06:58:01.639" /><!-- duration: 18ms -->
              <step title="Purge deployment items" date="2025-12-28T06:58:05.578" >
                <step title="Remove 55b16391-, Failed, received at 12/28/2025 06:32:23" date="2025-12-28T06:58:05.664" /><!-- duration: 7ms -->
              </step><!-- duration: 103ms -->
            </step><!-- duration: 598334ms -->
          </step><!-- duration: 598629ms -->
          <step title="Error occurred" date="2025-12-28T06:58:05.711" type="error" text="npm warn deprecated next@14.2.0: This version has a security vulnerability. Please upgrade to a patched version. See https://nextjs.org/blog/security-update-2025-12-11 for more details.
npm warn deprecated inflight@1.0.6: This module is not supported, and leaks memory. Do not use it. Check out lru-cache if you want a good and tested way to coalesce async requests by a key value, which is much more comprehensive and powerful.
npm warn deprecated @humanwhocodes/config-array@0.13.0: Use @eslint/config-array instead
npm warn deprecated rimraf@3.0.2: Rimraf versions prior to v4 are no longer supported
npm warn deprecated @humanwhocodes/object-schema@2.0.3: Use @eslint/object-schema instead
npm warn deprecated glob@7.2.3: Glob versions prior to v9 are no longer supported
npm warn deprecated eslint@8.57.1: This version is no longer supported. Please see https://eslint.org/version-support for other options.
Failed to compile.

./lib/api.ts:15:5
Type error: Element implicitly has an &apos;any&apos; type because expression of type &apos;&quot;Authorization&quot;&apos; can&apos;t be used to index type &apos;HeadersInit&apos;.
  Property &apos;Authorization&apos; does not exist on type &apos;HeadersInit&apos;.

[0m [90m 13 |[39m[0m
[0m [90m 14 |[39m   [36mif[39m (token) {[0m
[0m[31m[1m&gt;[22m[39m[90m 15 |[39m     headers[[32m&apos;Authorization&apos;[39m] [33m=[39m [32m`Bearer ${token}`[39m[33m;[39m[0m
[0m [90m    |[39m     [31m[1m^[22m[39m[0m
[0m [90m 16 |[39m   }[0m
[0m [90m 17 |[39m[0m
[0m [90m 18 |[39m   [36mconst[39m response [33m=[39m [36mawait[39m fetch([32m`${API_URL}${endpoint}`[39m[33m,[39m {[0m
/bin/bash -c &quot;oryx build /tmp/zipdeploy/extracted -o /home/site/wwwroot --platform nodejs --platform-version 20 -p virtualenv_name= --log-file /tmp/build-debug.log  -i /tmp/8de45dd0e9da52f -p compress_node_modules=tar-gz | tee /tmp/oryx-build.log ; exit $PIPESTATUS &quot;" stackTrace="   at Kudu.Core.Infrastructure.Executable.ExecuteInternal(ITracer tracer, Func`2 onWriteOutput, Func`2 onWriteError, CancellationToken token, Encoding encoding, String arguments, Object[] args) in /tmp/KuduLite/Kudu.Core/Infrastructure/Executable.cs:line 239
   at Kudu.Core.Infrastructure.Executable.ExecuteWithProgressWriter(ILogger logger, ITracer tracer, CancellationToken token, String arguments, Object[] args) in /tmp/KuduLite/Kudu.Core/Infrastructure/Executable.cs:line 118
   at Kudu.Core.Deployment.Generator.ExternalCommandBuilder.RunCommand(DeploymentContext context, String command, Boolean ignoreManifest, CancellationToken token, String message) in /tmp/KuduLite/Kudu.Core/Deployment/Generator/ExternalCommandBuilder.cs:line 122
   at Kudu.Core.Deployment.Generator.OryxBuilder.RunBuildCommand(IOryxArguments args, DeploymentContext context, CancellationToken token) in /tmp/KuduLite/Kudu.Core/Deployment/Generator/OryxBuilder.cs:line 295
   at Kudu.Core.Deployment.Generator.OryxBuilder.Build(DeploymentContext context, CancellationToken token) in /tmp/KuduLite/Kudu.Core/Deployment/Generator/OryxBuilder.cs:line 136
   at Kudu.Core.Deployment.DeploymentManager.Build(ChangeSet changeSet, ITracer tracer, IDisposable deployStep, IRepository repository, DeploymentInfoBase deploymentInfo, DeploymentAnalytics deploymentAnalytics, Boolean fullBuildByDefault, CancellationToken cancellationToken) in /tmp/KuduLite/Kudu.Core/Deployment/DeploymentManager.cs:line 771
   at Kudu.Core.Deployment.DeploymentManager.Build(ChangeSet changeSet, ITracer tracer, IDisposable deployStep, IRepository repository, DeploymentInfoBase deploymentInfo, DeploymentAnalytics deploymentAnalytics, Boolean fullBuildByDefault, CancellationToken cancellationToken) in /tmp/KuduLite/Kudu.Core/Deployment/DeploymentManager.cs:line 840" /><!-- duration: 22ms -->
          <step title="Cleaning up temp files" date="2025-12-28T06:58:05.922" /><!-- duration: 5073ms -->
          <step title="Cleaning up temp files" date="2025-12-28T06:58:11.006" /><!-- duration: 513ms -->
          <step title="Error occurred" date="2025-12-28T06:58:11.560" type="error" text="npm warn deprecated next@14.2.0: This version has a security vulnerability. Please upgrade to a patched version. See https://nextjs.org/blog/security-update-2025-12-11 for more details.
npm warn deprecated inflight@1.0.6: This module is not supported, and leaks memory. Do not use it. Check out lru-cache if you want a good and tested way to coalesce async requests by a key value, which is much more comprehensive and powerful.
npm warn deprecated @humanwhocodes/config-array@0.13.0: Use @eslint/config-array instead
npm warn deprecated rimraf@3.0.2: Rimraf versions prior to v4 are no longer supported
npm warn deprecated @humanwhocodes/object-schema@2.0.3: Use @eslint/object-schema instead
npm warn deprecated glob@7.2.3: Glob versions prior to v9 are no longer supported
npm warn deprecated eslint@8.57.1: This version is no longer supported. Please see https://eslint.org/version-support for other options.
Failed to compile.

./lib/api.ts:15:5
Type error: Element implicitly has an &apos;any&apos; type because expression of type &apos;&quot;Authorization&quot;&apos; can&apos;t be used to index type &apos;HeadersInit&apos;.
  Property &apos;Authorization&apos; does not exist on type &apos;HeadersInit&apos;.

[0m [90m 13 |[39m[0m
[0m [90m 14 |[39m   [36mif[39m (token) {[0m
[0m[31m[1m&gt;[22m[39m[90m 15 |[39m     headers[[32m&apos;Authorization&apos;[39m] [33m=[39m [32m`Bearer ${token}`[39m[33m;[39m[0m
[0m [90m    |[39m     [31m[1m^[22m[39m[0m
[0m [90m 16 |[39m   }[0m
[0m [90m 17 |[39m[0m
[0m [90m 18 |[39m   [36mconst[39m response [33m=[39m [36mawait[39m fetch([32m`${API_URL}${endpoint}`[39m[33m,[39m {[0m
/bin/bash -c &quot;oryx build /tmp/zipdeploy/extracted -o /home/site/wwwroot --platform nodejs --platform-version 20 -p virtualenv_name= --log-file /tmp/build-debug.log  -i /tmp/8de45dd0e9da52f -p compress_node_modules=tar-gz | tee /tmp/oryx-build.log ; exit $PIPESTATUS &quot;" stackTrace="   at Kudu.Core.Infrastructure.Executable.ExecuteInternal(ITracer tracer, Func`2 onWriteOutput, Func`2 onWriteError, CancellationToken token, Encoding encoding, String arguments, Object[] args) in /tmp/KuduLite/Kudu.Core/Infrastructure/Executable.cs:line 239
   at Kudu.Core.Infrastructure.Executable.ExecuteWithProgressWriter(ILogger logger, ITracer tracer, CancellationToken token, String arguments, Object[] args) in /tmp/KuduLite/Kudu.Core/Infrastructure/Executable.cs:line 118
   at Kudu.Core.Deployment.Generator.ExternalCommandBuilder.RunCommand(DeploymentContext context, String command, Boolean ignoreManifest, CancellationToken token, String message) in /tmp/KuduLite/Kudu.Core/Deployment/Generator/ExternalCommandBuilder.cs:line 122
   at Kudu.Core.Deployment.Generator.OryxBuilder.RunBuildCommand(IOryxArguments args, DeploymentContext context, CancellationToken token) in /tmp/KuduLite/Kudu.Core/Deployment/Generator/OryxBuilder.cs:line 295
   at Kudu.Core.Deployment.Generator.OryxBuilder.Build(DeploymentContext context, CancellationToken token) in /tmp/KuduLite/Kudu.Core/Deployment/Generator/OryxBuilder.cs:line 136
   at Kudu.Core.Deployment.DeploymentManager.Build(ChangeSet changeSet, ITracer tracer, IDisposable deployStep, IRepository repository, DeploymentInfoBase deploymentInfo, DeploymentAnalytics deploymentAnalytics, Boolean fullBuildByDefault, CancellationToken cancellationToken) in /tmp/KuduLite/Kudu.Core/Deployment/DeploymentManager.cs:line 771
   at Kudu.Core.Deployment.DeploymentManager.Build(ChangeSet changeSet, ITracer tracer, IDisposable deployStep, IRepository repository, DeploymentInfoBase deploymentInfo, DeploymentAnalytics deploymentAnalytics, Boolean fullBuildByDefault, CancellationToken cancellationToken) in /tmp/KuduLite/Kudu.Core/Deployment/DeploymentManager.cs:line 840
   at Kudu.Core.Deployment.DeploymentManager.DeployAsync(IRepository repository, ChangeSet changeSet, String deployer, Boolean clean, DeploymentInfoBase deploymentInfo, Boolean needFileUpdate, Boolean fullBuildByDefault) in /tmp/KuduLite/Kudu.Core/Deployment/DeploymentManager.cs:line 266" /><!-- duration: 5ms -->
        </step><!-- duration: 604671ms -->
        <step title="Reloading status file with latest updates" date="2025-12-28T06:58:11.625" >
          <step title="WebHooksManager.PublishEventAsync: PostDeployment" date="2025-12-28T06:58:11.636" /><!-- duration: 67ms -->
        </step><!-- duration: 82ms -->
        <step title="Error occurred" date="2025-12-28T06:58:11.712" type="error" text="npm warn deprecated next@14.2.0: This version has a security vulnerability. Please upgrade to a patched version. See https://nextjs.org/blog/security-update-2025-12-11 for more details.
npm warn deprecated inflight@1.0.6: This module is not supported, and leaks memory. Do not use it. Check out lru-cache if you want a good and tested way to coalesce async requests by a key value, which is much more comprehensive and powerful.
npm warn deprecated @humanwhocodes/config-array@0.13.0: Use @eslint/config-array instead
npm warn deprecated rimraf@3.0.2: Rimraf versions prior to v4 are no longer supported
npm warn deprecated @humanwhocodes/object-schema@2.0.3: Use @eslint/object-schema instead
npm warn deprecated glob@7.2.3: Glob versions prior to v9 are no longer supported
npm warn deprecated eslint@8.57.1: This version is no longer supported. Please see https://eslint.org/version-support for other options.
Failed to compile.

./lib/api.ts:15:5
Type error: Element implicitly has an &apos;any&apos; type because expression of type &apos;&quot;Authorization&quot;&apos; can&apos;t be used to index type &apos;HeadersInit&apos;.
  Property &apos;Authorization&apos; does not exist on type &apos;HeadersInit&apos;.

[0m [90m 13 |[39m[0m
[0m [90m 14 |[39m   [36mif[39m (token) {[0m
[0m[31m[1m&gt;[22m[39m[90m 15 |[39m     headers[[32m&apos;Authorization&apos;[39m] [33m=[39m [32m`Bearer ${token}`[39m[33m;[39m[0m
[0m [90m    |[39m     [31m[1m^[22m[39m[0m
[0m [90m 16 |[39m   }[0m
[0m [90m 17 |[39m[0m
[0m [90m 18 |[39m   [36mconst[39m response [33m=[39m [36mawait[39m fetch([32m`${API_URL}${endpoint}`[39m[33m,[39m {[0m
/bin/bash -c &quot;oryx build /tmp/zipdeploy/extracted -o /home/site/wwwroot --platform nodejs --platform-version 20 -p virtualenv_name= --log-file /tmp/build-debug.log  -i /tmp/8de45dd0e9da52f -p compress_node_modules=tar-gz | tee /tmp/oryx-build.log ; exit $PIPESTATUS &quot;" stackTrace="   at Kudu.Core.Infrastructure.Executable.ExecuteInternal(ITracer tracer, Func`2 onWriteOutput, Func`2 onWriteError, CancellationToken token, Encoding encoding, String arguments, Object[] args) in /tmp/KuduLite/Kudu.Core/Infrastructure/Executable.cs:line 239
   at Kudu.Core.Infrastructure.Executable.ExecuteWithProgressWriter(ILogger logger, ITracer tracer, CancellationToken token, String arguments, Object[] args) in /tmp/KuduLite/Kudu.Core/Infrastructure/Executable.cs:line 118
   at Kudu.Core.Deployment.Generator.ExternalCommandBuilder.RunCommand(DeploymentContext context, String command, Boolean ignoreManifest, CancellationToken token, String message) in /tmp/KuduLite/Kudu.Core/Deployment/Generator/ExternalCommandBuilder.cs:line 122
   at Kudu.Core.Deployment.Generator.OryxBuilder.RunBuildCommand(IOryxArguments args, DeploymentContext context, CancellationToken token) in /tmp/KuduLite/Kudu.Core/Deployment/Generator/OryxBuilder.cs:line 295
   at Kudu.Core.Deployment.Generator.OryxBuilder.Build(DeploymentContext context, CancellationToken token) in /tmp/KuduLite/Kudu.Core/Deployment/Generator/OryxBuilder.cs:line 136
   at Kudu.Core.Deployment.DeploymentManager.Build(ChangeSet changeSet, ITracer tracer, IDisposable deployStep, IRepository repository, DeploymentInfoBase deploymentInfo, DeploymentAnalytics deploymentAnalytics, Boolean fullBuildByDefault, CancellationToken cancellationToken) in /tmp/KuduLite/Kudu.Core/Deployment/DeploymentManager.cs:line 771
   at Kudu.Core.Deployment.DeploymentManager.Build(ChangeSet changeSet, ITracer tracer, IDisposable deployStep, IRepository repository, DeploymentInfoBase deploymentInfo, DeploymentAnalytics deploymentAnalytics, Boolean fullBuildByDefault, CancellationToken cancellationToken) in /tmp/KuduLite/Kudu.Core/Deployment/DeploymentManager.cs:line 840
   at Kudu.Core.Deployment.DeploymentManager.DeployAsync(IRepository repository, ChangeSet changeSet, String deployer, Boolean clean, DeploymentInfoBase deploymentInfo, Boolean needFileUpdate, Boolean fullBuildByDefault) in /tmp/KuduLite/Kudu.Core/Deployment/DeploymentManager.cs:line 266" /><!-- duration: 12ms -->
        <step title="Marking deployment as failed and cleaning up the temp deployment" date="2025-12-28T06:58:11.785" /><!-- duration: 4ms -->
      </step><!-- duration: 606758ms -->
      <step title="Error occurred" date="2025-12-28T06:58:12.095" type="error" text="One or more errors occurred. (Deployment failed)" stackTrace="   at System.Threading.Tasks.Task.ThrowIfExceptional(Boolean includeTaskCanceledExceptions)
   at System.Threading.Tasks.Task.Wait(Int32 millisecondsTimeout, CancellationToken cancellationToken)
   at System.Threading.Tasks.Task.Wait()
   at Kudu.Core.Deployment.FetchDeploymentManager.&lt;&gt;c__DisplayClass22_1.&lt;PerformBackgroundDeployment&gt;b__3() in /tmp/KuduLite/Kudu.Core/Deployment/FetchDeploymentManager.cs:line 414
   at Kudu.Contracts.Infrastructure.LockExtensions.TryLockOperation(IOperationLock lockObj, Action operation, String operationName, TimeSpan timeout) in /tmp/KuduLite/Kudu.Contracts/Infrastructure/LockExtensions.cs:line 34
   at Kudu.Contracts.Infrastructure.LockExtensions.LockOperation(IOperationLock lockObj, Action operation, String operationName, TimeSpan timeout) in /tmp/KuduLite/Kudu.Contracts/Infrastructure/LockExtensions.cs:line 46
   at Kudu.Core.Deployment.FetchDeploymentManager.&lt;&gt;c__DisplayClass22_0.&lt;PerformBackgroundDeployment&gt;b__1() in /tmp/KuduLite/Kudu.Core/Deployment/FetchDeploymentManager.cs:line 393" innerText="Deployment failed" innerStackTrace="   at Kudu.Core.Deployment.DeploymentManager.DeployAsync(IRepository repository, ChangeSet changeSet, String deployer, Boolean clean, DeploymentInfoBase deploymentInfo, Boolean needFileUpdate, Boolean fullBuildByDefault) in /tmp/KuduLite/Kudu.Core/Deployment/DeploymentManager.cs:line 307
   at Kudu.Core.Deployment.FetchDeploymentManager.PerformDeployment(DeploymentInfoBase deploymentInfo, IDisposable tempDeployment, ChangeSet tempChangeSet, DeployStatusApiResult updateStatusObj) in /tmp/KuduLite/Kudu.Core/Deployment/FetchDeploymentManager.cs:line 230" /><!-- duration: 9ms -->
    </step><!-- duration: 606903ms -->
