<step title="BackgroundTrace" date="2025-12-28T06:32:17.663" instance="978831" url="/api/publish" method="POST" >
  <step title="Creating temporary deployment - FetchDeploymentManager" date="2025-12-28T06:32:18.393" /><!-- duration: 16ms -->
  <step title="Creating temporary deployment" date="2025-12-28T06:32:18.429" /><!-- duration: 326ms -->
  <step title="Performing fetch based deployment" date="2025-12-28T06:32:19.303" >
    <step title="Cleaning up temp folders from previous zip deployments and extracting pushed zip file /tmp/zipdeploy/6ac7a394-8537-44c4-8212-54a67bf4df67.zip (0.02 MB) to /tmp/zipdeploy/extracted" date="2025-12-28T06:32:20.923" >
      <step title="ChmodRecursive Process exited with total time taken in ms: 105" date="2025-12-28T06:32:21.325" /><!-- duration: 17ms -->
    </step><!-- duration: 437ms -->
    <step title="Deployment timer started" date="2025-12-28T06:32:23.466" >
      <step title="DeploymentManager.Deploy(id:55b16391-d263-4fff-91e7-5d69de28cc46)" date="2025-12-28T06:32:23.545" >
        <step title="Collecting changeset information" date="2025-12-28T06:32:23.659" /><!-- duration: 436ms -->
        <step title="Updating submodules" date="2025-12-28T06:32:24.140" /><!-- duration: 1368ms -->
        <step title="Determining deployment builder" date="2025-12-28T06:32:26.026" >
          <step title="Builder is OryxBuilder" date="2025-12-28T06:32:26.073" /><!-- duration: 19ms -->
        </step><!-- duration: 94ms -->
        <step title="PreDeployment: context.CleanOutputPath False" date="2025-12-28T06:32:26.260" >
          <step title="PreDeployment: context.OutputPath /home/site/wwwroot" date="2025-12-28T06:32:26.792" >
            <step title="Building" date="2025-12-28T06:32:28.361" >
              <step title="Executing external process" date="2025-12-28T06:32:29.588" type="process" path="bash" arguments="-c &quot;oryx build /tmp/zipdeploy/extracted -o /home/site/wwwroot --platform nodejs --platform-version 20 -p virtualenv_name= --log-file /tmp/build-debug.log  -i /tmp/8de45daddea102f -p compress_node_modules=tar-gz | tee /tmp/oryx-build.log ; exit $PIPESTATUS &quot;" >
                <step title="Cpu: npm install(1055,29.100s)+build.sh(940,0.060s)+oryx(920,8.330s)+tee(921,0.000s)+bash(919,0.000s)=total(37.480s)" date="2025-12-28T06:34:18.024" /><!-- duration: 14ms -->
                <step title="bash: no io activity for 60s, prev-cpu=-1.000s, current-cpu=37.480s" date="2025-12-28T06:34:18.063" /><!-- duration: 12ms -->
                <step title="Cpu: npm install(1055,57.620s)+build.sh(940,0.060s)+oryx(920,8.430s)+tee(921,0.000s)+bash(919,0.000s)=total(66.110s)" date="2025-12-28T06:35:18.361" /><!-- duration: 47ms -->
                <step title="bash: no io activity for 121s, prev-cpu=37.480s, current-cpu=66.110s" date="2025-12-28T06:35:18.462" /><!-- duration: 28ms -->
                <step title="Cpu: node(1144,33.450s)+sh(1143,0.010s)+npm run build(1132,0.770s)+build.sh(940,0.060s)+oryx(920,8.870s)+tee(921,0.000s)+bash(919,0.000s)=total(43.120s)" date="2025-12-28T06:37:24.992" /><!-- duration: 104ms -->
                <step title="bash: no io activity for 60s, prev-cpu=-1.000s, current-cpu=43.120s" date="2025-12-28T06:37:26.027" /><!-- duration: 83ms -->
                <step title="Cpu: node(1144,54.830s)+sh(1143,0.010s)+npm run build(1132,0.770s)+build.sh(940,0.060s)+oryx(920,8.950s)+tee(921,0.000s)+bash(919,0.000s)=total(64.600s)" date="2025-12-28T06:38:27.285" /><!-- duration: 56ms -->
                <step title="bash: no io activity for 128s, prev-cpu=43.120s, current-cpu=64.600s" date="2025-12-28T06:38:27.447" /><!-- duration: 11ms -->
                <step title="Process dump" date="2025-12-28T06:40:43.385" exitCode="1" type="processOutput" /><!-- duration: 8ms -->
              </step><!-- duration: 493835ms -->
              <step title="Error occurred" date="2025-12-28T06:40:43.560" type="error" text="npm warn deprecated next@14.2.0: This version has a security vulnerability. Please upgrade to a patched version. See https://nextjs.org/blog/security-update-2025-12-11 for more details.
npm warn deprecated inflight@1.0.6: This module is not supported, and leaks memory. Do not use it. Check out lru-cache if you want a good and tested way to coalesce async requests by a key value, which is much more comprehensive and powerful.
npm warn deprecated @humanwhocodes/config-array@0.13.0: Use @eslint/config-array instead
npm warn deprecated rimraf@3.0.2: Rimraf versions prior to v4 are no longer supported
npm warn deprecated @humanwhocodes/object-schema@2.0.3: Use @eslint/object-schema instead
npm warn deprecated glob@7.2.3: Glob versions prior to v9 are no longer supported
npm warn deprecated eslint@8.57.1: This version is no longer supported. Please see https://eslint.org/version-support for other options.
Failed to compile.

./lib/api.ts:15:5
Type error: Element implicitly has an &apos;any&apos; type because expression of type &apos;&quot;Authorization&quot;&apos; can&apos;t be used to index type &apos;HeadersInit&apos;.
  Property &apos;Authorization&apos; does not exist on type &apos;HeadersInit&apos;.

[0m [90m 13 |[39m[0m
[0m [90m 14 |[39m   [36mif[39m (token) {[0m
[0m[31m[1m&gt;[22m[39m[90m 15 |[39m     headers[[32m&apos;Authorization&apos;[39m] [33m=[39m [32m`Bearer ${token}`[39m[33m;[39m[0m
[0m [90m    |[39m     [31m[1m^[22m[39m[0m
[0m [90m 16 |[39m   }[0m
[0m [90m 17 |[39m[0m
[0m [90m 18 |[39m   [36mconst[39m response [33m=[39m [36mawait[39m fetch([32m`${API_URL}${endpoint}`[39m[33m,[39m {[0m
/bin/bash -c &quot;oryx build /tmp/zipdeploy/extracted -o /home/site/wwwroot --platform nodejs --platform-version 20 -p virtualenv_name= --log-file /tmp/build-debug.log  -i /tmp/8de45daddea102f -p compress_node_modules=tar-gz | tee /tmp/oryx-build.log ; exit $PIPESTATUS &quot;" stackTrace="   at Kudu.Core.Infrastructure.Executable.ExecuteInternal(ITracer tracer, Func`2 onWriteOutput, Func`2 onWriteError, CancellationToken token, Encoding encoding, String arguments, Object[] args) in /tmp/KuduLite/Kudu.Core/Infrastructure/Executable.cs:line 239
   at Kudu.Core.Infrastructure.Executable.ExecuteWithProgressWriter(ILogger logger, ITracer tracer, CancellationToken token, String arguments, Object[] args) in /tmp/KuduLite/Kudu.Core/Infrastructure/Executable.cs:line 118
   at Kudu.Core.Deployment.Generator.ExternalCommandBuilder.RunCommand(DeploymentContext context, String command, Boolean ignoreManifest, CancellationToken token, String message) in /tmp/KuduLite/Kudu.Core/Deployment/Generator/ExternalCommandBuilder.cs:line 122" /><!-- duration: 15ms -->
              <step title="Error occurred" date="2025-12-28T06:40:43.615" type="error" text="npm warn deprecated next@14.2.0: This version has a security vulnerability. Please upgrade to a patched version. See https://nextjs.org/blog/security-update-2025-12-11 for more details.
npm warn deprecated inflight@1.0.6: This module is not supported, and leaks memory. Do not use it. Check out lru-cache if you want a good and tested way to coalesce async requests by a key value, which is much more comprehensive and powerful.
npm warn deprecated @humanwhocodes/config-array@0.13.0: Use @eslint/config-array instead
npm warn deprecated rimraf@3.0.2: Rimraf versions prior to v4 are no longer supported
npm warn deprecated @humanwhocodes/object-schema@2.0.3: Use @eslint/object-schema instead
npm warn deprecated glob@7.2.3: Glob versions prior to v9 are no longer supported
npm warn deprecated eslint@8.57.1: This version is no longer supported. Please see https://eslint.org/version-support for other options.
Failed to compile.

./lib/api.ts:15:5
Type error: Element implicitly has an &apos;any&apos; type because expression of type &apos;&quot;Authorization&quot;&apos; can&apos;t be used to index type &apos;HeadersInit&apos;.
  Property &apos;Authorization&apos; does not exist on type &apos;HeadersInit&apos;.

[0m [90m 13 |[39m[0m
[0m [90m 14 |[39m   [36mif[39m (token) {[0m
[0m[31m[1m&gt;[22m[39m[90m 15 |[39m     headers[[32m&apos;Authorization&apos;[39m] [33m=[39m [32m`Bearer ${token}`[39m[33m;[39m[0m
[0m [90m    |[39m     [31m[1m^[22m[39m[0m
[0m [90m 16 |[39m   }[0m
[0m [90m 17 |[39m[0m
[0m [90m 18 |[39m   [36mconst[39m response [33m=[39m [36mawait[39m fetch([32m`${API_URL}${endpoint}`[39m[33m,[39m {[0m
/bin/bash -c &quot;oryx build /tmp/zipdeploy/extracted -o /home/site/wwwroot --platform nodejs --platform-version 20 -p virtualenv_name= --log-file /tmp/build-debug.log  -i /tmp/8de45daddea102f -p compress_node_modules=tar-gz | tee /tmp/oryx-build.log ; exit $PIPESTATUS &quot;" stackTrace="   at Kudu.Core.Infrastructure.Executable.ExecuteInternal(ITracer tracer, Func`2 onWriteOutput, Func`2 onWriteError, CancellationToken token, Encoding encoding, String arguments, Object[] args) in /tmp/KuduLite/Kudu.Core/Infrastructure/Executable.cs:line 239
   at Kudu.Core.Infrastructure.Executable.ExecuteWithProgressWriter(ILogger logger, ITracer tracer, CancellationToken token, String arguments, Object[] args) in /tmp/KuduLite/Kudu.Core/Infrastructure/Executable.cs:line 118
   at Kudu.Core.Deployment.Generator.ExternalCommandBuilder.RunCommand(DeploymentContext context, String command, Boolean ignoreManifest, CancellationToken token, String message) in /tmp/KuduLite/Kudu.Core/Deployment/Generator/ExternalCommandBuilder.cs:line 122
   at Kudu.Core.Deployment.Generator.OryxBuilder.RunBuildCommand(IOryxArguments args, DeploymentContext context, CancellationToken token) in /tmp/KuduLite/Kudu.Core/Deployment/Generator/OryxBuilder.cs:line 295
   at Kudu.Core.Deployment.Generator.OryxBuilder.Build(DeploymentContext context, CancellationToken token) in /tmp/KuduLite/Kudu.Core/Deployment/Generator/OryxBuilder.cs:line 136
   at Kudu.Core.Deployment.DeploymentManager.Build(ChangeSet changeSet, ITracer tracer, IDisposable deployStep, IRepository repository, DeploymentInfoBase deploymentInfo, DeploymentAnalytics deploymentAnalytics, Boolean fullBuildByDefault, CancellationToken cancellationToken) in /tmp/KuduLite/Kudu.Core/Deployment/DeploymentManager.cs:line 771" /><!-- duration: 20ms -->
              <step title="Using GenericDeploymentLogParser" date="2025-12-28T06:40:43.976" /><!-- duration: 11ms -->
            </step><!-- duration: 498124ms -->
          </step><!-- duration: 499703ms -->
          <step title="Error occurred" date="2025-12-28T06:40:46.501" type="error" text="npm warn deprecated next@14.2.0: This version has a security vulnerability. Please upgrade to a patched version. See https://nextjs.org/blog/security-update-2025-12-11 for more details.
npm warn deprecated inflight@1.0.6: This module is not supported, and leaks memory. Do not use it. Check out lru-cache if you want a good and tested way to coalesce async requests by a key value, which is much more comprehensive and powerful.
npm warn deprecated @humanwhocodes/config-array@0.13.0: Use @eslint/config-array instead
npm warn deprecated rimraf@3.0.2: Rimraf versions prior to v4 are no longer supported
npm warn deprecated @humanwhocodes/object-schema@2.0.3: Use @eslint/object-schema instead
npm warn deprecated glob@7.2.3: Glob versions prior to v9 are no longer supported
npm warn deprecated eslint@8.57.1: This version is no longer supported. Please see https://eslint.org/version-support for other options.
Failed to compile.

./lib/api.ts:15:5
Type error: Element implicitly has an &apos;any&apos; type because expression of type &apos;&quot;Authorization&quot;&apos; can&apos;t be used to index type &apos;HeadersInit&apos;.
  Property &apos;Authorization&apos; does not exist on type &apos;HeadersInit&apos;.

[0m [90m 13 |[39m[0m
[0m [90m 14 |[39m   [36mif[39m (token) {[0m
[0m[31m[1m&gt;[22m[39m[90m 15 |[39m     headers[[32m&apos;Authorization&apos;[39m] [33m=[39m [32m`Bearer ${token}`[39m[33m;[39m[0m
[0m [90m    |[39m     [31m[1m^[22m[39m[0m
[0m [90m 16 |[39m   }[0m
[0m [90m 17 |[39m[0m
[0m [90m 18 |[39m   [36mconst[39m response [33m=[39m [36mawait[39m fetch([32m`${API_URL}${endpoint}`[39m[33m,[39m {[0m
/bin/bash -c &quot;oryx build /tmp/zipdeploy/extracted -o /home/site/wwwroot --platform nodejs --platform-version 20 -p virtualenv_name= --log-file /tmp/build-debug.log  -i /tmp/8de45daddea102f -p compress_node_modules=tar-gz | tee /tmp/oryx-build.log ; exit $PIPESTATUS &quot;" stackTrace="   at Kudu.Core.Infrastructure.Executable.ExecuteInternal(ITracer tracer, Func`2 onWriteOutput, Func`2 onWriteError, CancellationToken token, Encoding encoding, String arguments, Object[] args) in /tmp/KuduLite/Kudu.Core/Infrastructure/Executable.cs:line 239
   at Kudu.Core.Infrastructure.Executable.ExecuteWithProgressWriter(ILogger logger, ITracer tracer, CancellationToken token, String arguments, Object[] args) in /tmp/KuduLite/Kudu.Core/Infrastructure/Executable.cs:line 118
   at Kudu.Core.Deployment.Generator.ExternalCommandBuilder.RunCommand(DeploymentContext context, String command, Boolean ignoreManifest, CancellationToken token, String message) in /tmp/KuduLite/Kudu.Core/Deployment/Generator/ExternalCommandBuilder.cs:line 122
   at Kudu.Core.Deployment.Generator.OryxBuilder.RunBuildCommand(IOryxArguments args, DeploymentContext context, CancellationToken token) in /tmp/KuduLite/Kudu.Core/Deployment/Generator/OryxBuilder.cs:line 295
   at Kudu.Core.Deployment.Generator.OryxBuilder.Build(DeploymentContext context, CancellationToken token) in /tmp/KuduLite/Kudu.Core/Deployment/Generator/OryxBuilder.cs:line 136
   at Kudu.Core.Deployment.DeploymentManager.Build(ChangeSet changeSet, ITracer tracer, IDisposable deployStep, IRepository repository, DeploymentInfoBase deploymentInfo, DeploymentAnalytics deploymentAnalytics, Boolean fullBuildByDefault, CancellationToken cancellationToken) in /tmp/KuduLite/Kudu.Core/Deployment/DeploymentManager.cs:line 771
   at Kudu.Core.Deployment.DeploymentManager.Build(ChangeSet changeSet, ITracer tracer, IDisposable deployStep, IRepository repository, DeploymentInfoBase deploymentInfo, DeploymentAnalytics deploymentAnalytics, Boolean fullBuildByDefault, CancellationToken cancellationToken) in /tmp/KuduLite/Kudu.Core/Deployment/DeploymentManager.cs:line 840" /><!-- duration: 6ms -->
          <step title="Cleaning up temp files" date="2025-12-28T06:40:46.572" /><!-- duration: 4996ms -->
          <step title="Cleaning up temp files" date="2025-12-28T06:40:51.577" /><!-- duration: 513ms -->
          <step title="Error occurred" date="2025-12-28T06:40:52.127" type="error" text="npm warn deprecated next@14.2.0: This version has a security vulnerability. Please upgrade to a patched version. See https://nextjs.org/blog/security-update-2025-12-11 for more details.
npm warn deprecated inflight@1.0.6: This module is not supported, and leaks memory. Do not use it. Check out lru-cache if you want a good and tested way to coalesce async requests by a key value, which is much more comprehensive and powerful.
npm warn deprecated @humanwhocodes/config-array@0.13.0: Use @eslint/config-array instead
npm warn deprecated rimraf@3.0.2: Rimraf versions prior to v4 are no longer supported
npm warn deprecated @humanwhocodes/object-schema@2.0.3: Use @eslint/object-schema instead
npm warn deprecated glob@7.2.3: Glob versions prior to v9 are no longer supported
npm warn deprecated eslint@8.57.1: This version is no longer supported. Please see https://eslint.org/version-support for other options.
Failed to compile.

./lib/api.ts:15:5
Type error: Element implicitly has an &apos;any&apos; type because expression of type &apos;&quot;Authorization&quot;&apos; can&apos;t be used to index type &apos;HeadersInit&apos;.
  Property &apos;Authorization&apos; does not exist on type &apos;HeadersInit&apos;.

[0m [90m 13 |[39m[0m
[0m [90m 14 |[39m   [36mif[39m (token) {[0m
[0m[31m[1m&gt;[22m[39m[90m 15 |[39m     headers[[32m&apos;Authorization&apos;[39m] [33m=[39m [32m`Bearer ${token}`[39m[33m;[39m[0m
[0m [90m    |[39m     [31m[1m^[22m[39m[0m
[0m [90m 16 |[39m   }[0m
[0m [90m 17 |[39m[0m
[0m [90m 18 |[39m   [36mconst[39m response [33m=[39m [36mawait[39m fetch([32m`${API_URL}${endpoint}`[39m[33m,[39m {[0m
/bin/bash -c &quot;oryx build /tmp/zipdeploy/extracted -o /home/site/wwwroot --platform nodejs --platform-version 20 -p virtualenv_name= --log-file /tmp/build-debug.log  -i /tmp/8de45daddea102f -p compress_node_modules=tar-gz | tee /tmp/oryx-build.log ; exit $PIPESTATUS &quot;" stackTrace="   at Kudu.Core.Infrastructure.Executable.ExecuteInternal(ITracer tracer, Func`2 onWriteOutput, Func`2 onWriteError, CancellationToken token, Encoding encoding, String arguments, Object[] args) in /tmp/KuduLite/Kudu.Core/Infrastructure/Executable.cs:line 239
   at Kudu.Core.Infrastructure.Executable.ExecuteWithProgressWriter(ILogger logger, ITracer tracer, CancellationToken token, String arguments, Object[] args) in /tmp/KuduLite/Kudu.Core/Infrastructure/Executable.cs:line 118
   at Kudu.Core.Deployment.Generator.ExternalCommandBuilder.RunCommand(DeploymentContext context, String command, Boolean ignoreManifest, CancellationToken token, String message) in /tmp/KuduLite/Kudu.Core/Deployment/Generator/ExternalCommandBuilder.cs:line 122
   at Kudu.Core.Deployment.Generator.OryxBuilder.RunBuildCommand(IOryxArguments args, DeploymentContext context, CancellationToken token) in /tmp/KuduLite/Kudu.Core/Deployment/Generator/OryxBuilder.cs:line 295
   at Kudu.Core.Deployment.Generator.OryxBuilder.Build(DeploymentContext context, CancellationToken token) in /tmp/KuduLite/Kudu.Core/Deployment/Generator/OryxBuilder.cs:line 136
   at Kudu.Core.Deployment.DeploymentManager.Build(ChangeSet changeSet, ITracer tracer, IDisposable deployStep, IRepository repository, DeploymentInfoBase deploymentInfo, DeploymentAnalytics deploymentAnalytics, Boolean fullBuildByDefault, CancellationToken cancellationToken) in /tmp/KuduLite/Kudu.Core/Deployment/DeploymentManager.cs:line 771
   at Kudu.Core.Deployment.DeploymentManager.Build(ChangeSet changeSet, ITracer tracer, IDisposable deployStep, IRepository repository, DeploymentInfoBase deploymentInfo, DeploymentAnalytics deploymentAnalytics, Boolean fullBuildByDefault, CancellationToken cancellationToken) in /tmp/KuduLite/Kudu.Core/Deployment/DeploymentManager.cs:line 840
   at Kudu.Core.Deployment.DeploymentManager.DeployAsync(IRepository repository, ChangeSet changeSet, String deployer, Boolean clean, DeploymentInfoBase deploymentInfo, Boolean needFileUpdate, Boolean fullBuildByDefault) in /tmp/KuduLite/Kudu.Core/Deployment/DeploymentManager.cs:line 266" /><!-- duration: 5ms -->
        </step><!-- duration: 505877ms -->
        <step title="Reloading status file with latest updates" date="2025-12-28T06:40:52.192" >
          <step title="WebHooksManager.PublishEventAsync: PostDeployment" date="2025-12-28T06:40:52.198" /><!-- duration: 220ms -->
        </step><!-- duration: 233ms -->
        <step title="Error occurred" date="2025-12-28T06:40:52.432" type="error" text="npm warn deprecated next@14.2.0: This version has a security vulnerability. Please upgrade to a patched version. See https://nextjs.org/blog/security-update-2025-12-11 for more details.
npm warn deprecated inflight@1.0.6: This module is not supported, and leaks memory. Do not use it. Check out lru-cache if you want a good and tested way to coalesce async requests by a key value, which is much more comprehensive and powerful.
npm warn deprecated @humanwhocodes/config-array@0.13.0: Use @eslint/config-array instead
npm warn deprecated rimraf@3.0.2: Rimraf versions prior to v4 are no longer supported
npm warn deprecated @humanwhocodes/object-schema@2.0.3: Use @eslint/object-schema instead
npm warn deprecated glob@7.2.3: Glob versions prior to v9 are no longer supported
npm warn deprecated eslint@8.57.1: This version is no longer supported. Please see https://eslint.org/version-support for other options.
Failed to compile.

./lib/api.ts:15:5
Type error: Element implicitly has an &apos;any&apos; type because expression of type &apos;&quot;Authorization&quot;&apos; can&apos;t be used to index type &apos;HeadersInit&apos;.
  Property &apos;Authorization&apos; does not exist on type &apos;HeadersInit&apos;.

[0m [90m 13 |[39m[0m
[0m [90m 14 |[39m   [36mif[39m (token) {[0m
[0m[31m[1m&gt;[22m[39m[90m 15 |[39m     headers[[32m&apos;Authorization&apos;[39m] [33m=[39m [32m`Bearer ${token}`[39m[33m;[39m[0m
[0m [90m    |[39m     [31m[1m^[22m[39m[0m
[0m [90m 16 |[39m   }[0m
[0m [90m 17 |[39m[0m
[0m [90m 18 |[39m   [36mconst[39m response [33m=[39m [36mawait[39m fetch([32m`${API_URL}${endpoint}`[39m[33m,[39m {[0m
/bin/bash -c &quot;oryx build /tmp/zipdeploy/extracted -o /home/site/wwwroot --platform nodejs --platform-version 20 -p virtualenv_name= --log-file /tmp/build-debug.log  -i /tmp/8de45daddea102f -p compress_node_modules=tar-gz | tee /tmp/oryx-build.log ; exit $PIPESTATUS &quot;" stackTrace="   at Kudu.Core.Infrastructure.Executable.ExecuteInternal(ITracer tracer, Func`2 onWriteOutput, Func`2 onWriteError, CancellationToken token, Encoding encoding, String arguments, Object[] args) in /tmp/KuduLite/Kudu.Core/Infrastructure/Executable.cs:line 239
   at Kudu.Core.Infrastructure.Executable.ExecuteWithProgressWriter(ILogger logger, ITracer tracer, CancellationToken token, String arguments, Object[] args) in /tmp/KuduLite/Kudu.Core/Infrastructure/Executable.cs:line 118
   at Kudu.Core.Deployment.Generator.ExternalCommandBuilder.RunCommand(DeploymentContext context, String command, Boolean ignoreManifest, CancellationToken token, String message) in /tmp/KuduLite/Kudu.Core/Deployment/Generator/ExternalCommandBuilder.cs:line 122
   at Kudu.Core.Deployment.Generator.OryxBuilder.RunBuildCommand(IOryxArguments args, DeploymentContext context, CancellationToken token) in /tmp/KuduLite/Kudu.Core/Deployment/Generator/OryxBuilder.cs:line 295
   at Kudu.Core.Deployment.Generator.OryxBuilder.Build(DeploymentContext context, CancellationToken token) in /tmp/KuduLite/Kudu.Core/Deployment/Generator/OryxBuilder.cs:line 136
   at Kudu.Core.Deployment.DeploymentManager.Build(ChangeSet changeSet, ITracer tracer, IDisposable deployStep, IRepository repository, DeploymentInfoBase deploymentInfo, DeploymentAnalytics deploymentAnalytics, Boolean fullBuildByDefault, CancellationToken cancellationToken) in /tmp/KuduLite/Kudu.Core/Deployment/DeploymentManager.cs:line 771
   at Kudu.Core.Deployment.DeploymentManager.Build(ChangeSet changeSet, ITracer tracer, IDisposable deployStep, IRepository repository, DeploymentInfoBase deploymentInfo, DeploymentAnalytics deploymentAnalytics, Boolean fullBuildByDefault, CancellationToken cancellationToken) in /tmp/KuduLite/Kudu.Core/Deployment/DeploymentManager.cs:line 840
   at Kudu.Core.Deployment.DeploymentManager.DeployAsync(IRepository repository, ChangeSet changeSet, String deployer, Boolean clean, DeploymentInfoBase deploymentInfo, Boolean needFileUpdate, Boolean fullBuildByDefault) in /tmp/KuduLite/Kudu.Core/Deployment/DeploymentManager.cs:line 266" /><!-- duration: 15ms -->
        <step title="Marking deployment as failed and cleaning up the temp deployment" date="2025-12-28T06:40:52.610" /><!-- duration: 26ms -->
      </step><!-- duration: 509252ms -->
      <step title="Error occurred" date="2025-12-28T06:40:52.880" type="error" text="One or more errors occurred. (Deployment failed)" stackTrace="   at System.Threading.Tasks.Task.ThrowIfExceptional(Boolean includeTaskCanceledExceptions)
   at System.Threading.Tasks.Task.Wait(Int32 millisecondsTimeout, CancellationToken cancellationToken)
   at System.Threading.Tasks.Task.Wait()
   at Kudu.Core.Deployment.FetchDeploymentManager.&lt;&gt;c__DisplayClass22_1.&lt;PerformBackgroundDeployment&gt;b__3() in /tmp/KuduLite/Kudu.Core/Deployment/FetchDeploymentManager.cs:line 414
   at Kudu.Contracts.Infrastructure.LockExtensions.TryLockOperation(IOperationLock lockObj, Action operation, String operationName, TimeSpan timeout) in /tmp/KuduLite/Kudu.Contracts/Infrastructure/LockExtensions.cs:line 34
   at Kudu.Contracts.Infrastructure.LockExtensions.LockOperation(IOperationLock lockObj, Action operation, String operationName, TimeSpan timeout) in /tmp/KuduLite/Kudu.Contracts/Infrastructure/LockExtensions.cs:line 46
   at Kudu.Core.Deployment.FetchDeploymentManager.&lt;&gt;c__DisplayClass22_0.&lt;PerformBackgroundDeployment&gt;b__1() in /tmp/KuduLite/Kudu.Core/Deployment/FetchDeploymentManager.cs:line 393" innerText="Deployment failed" innerStackTrace="   at Kudu.Core.Deployment.DeploymentManager.DeployAsync(IRepository repository, ChangeSet changeSet, String deployer, Boolean clean, DeploymentInfoBase deploymentInfo, Boolean needFileUpdate, Boolean fullBuildByDefault) in /tmp/KuduLite/Kudu.Core/Deployment/DeploymentManager.cs:line 307
   at Kudu.Core.Deployment.FetchDeploymentManager.PerformDeployment(DeploymentInfoBase deploymentInfo, IDisposable tempDeployment, ChangeSet tempChangeSet, DeployStatusApiResult updateStatusObj) in /tmp/KuduLite/Kudu.Core/Deployment/FetchDeploymentManager.cs:line 230" /><!-- duration: 24ms -->
    </step><!-- duration: 509449ms -->
