<step title="Incoming Request" date="2025-12-28T06:10:17.631" instance="978831" url="/api/deployments/latest" method="GET" type="request" pid="835,1,38" Accept="*/*" Host="hanclass-frontend.scm.azurewebsites.net" User-Agent="AZURECLI/2.81.0 (HOMEBREW)" Accept-Encoding="gzip, deflate" Authorization="Bea..." x-ms-client-request-id="d8ec4da4-e3b3-11f0-bf88-3296fc4ad343" X-ARR-LOG-ID="d8ec4da4-e3b3-11f0-bf88-3296fc4ad343" CLIENT-IP="118.131.67.58:50714" X-SITE-DEPLOYMENT-ID="hanclass-frontend" WAS-DEFAULT-HOSTNAME="hanclass-frontend.scm.azurewebsites.net" X-Forwarded-Proto="https" X-AppService-Proto="https" X-Forwarded-TlsVersion="1.3" X-WAWS-Unencoded-URL="/api/deployments/latest" X-Client-IP="118.131.67.58" X-Client-Port="50714" >
  <step title="Cleanup Xml Logs" date="2025-12-28T06:10:17.641" >
    <step title="Cleanup Infos" date="2025-12-28T06:10:18.047" totalFiles="295" totalCleanup="135" /><!-- duration: 95ms -->
  </step><!-- duration: 514ms -->
  <step title="DeploymentService.GetResult" date="2025-12-28T06:10:18.210" >
    <step title="DeploymentService.GetLatestDeployment" date="2025-12-28T06:10:18.237" >
      <step title="DeploymentManager.GetResults" date="2025-12-28T06:10:18.293" /><!-- duration: 3307ms -->
    </step><!-- duration: 3410ms -->
  </step><!-- duration: 3468ms -->
  <step title="Outgoing response" date="2025-12-28T06:10:21.733" type="response" statusCode="202" statusText="Accepted" /><!-- duration: 22ms -->
</step><!-- duration: 4172ms -->
