<step title="Incoming Request" date="2025-12-27T10:35:54.075" instance="978831" url="/api/publish?type=zip&amp;async=False" method="POST" type="request" pid="836,1,15" Accept="*/*" Host="hanclass-frontend.scm.azurewebsites.net" User-Agent="AZURECLI/2.81.0 (HOMEBREW)" Accept-Encoding="gzip, deflate" Authorization="Bea..." Cache-Control="no-cache" Content-Type="application/octet-stream" Cookie="ARRAffinity=978831a12b989a546f04a417ac73afab2417e3847711476ee09674c03af7af1b; ARRAffinitySameSite=978831a12b989a546f04a417ac73afab2417e3847711476ee09674c03af7af1b" Content-Length="26209" x-ms-client-request-id="ccf2df8a-e30f-11f0-9a82-3296fc4ad343" x-ms-artifact-checksum="310752aaa8ecea8ee129072c1f5f6ec4f8a13b342d7374255df3bc9e7de2f80a" X-ARR-LOG-ID="ccf2df8a-e30f-11f0-9a82-3296fc4ad343" CLIENT-IP="221.140.73.24:54584" X-SITE-DEPLOYMENT-ID="hanclass-frontend" WAS-DEFAULT-HOSTNAME="hanclass-frontend.scm.azurewebsites.net" X-Forwarded-Proto="https" X-AppService-Proto="https" X-Forwarded-TlsVersion="1.3" X-WAWS-Unencoded-URL="/api/publish?type=zip&amp;async=False" X-Client-IP="221.140.73.24" X-Client-Port="54584" >
  <step title="OneDeploy" date="2025-12-27T10:35:54.237" >
    <step title="None repository commit" date="2025-12-27T10:35:54.270" >
      <step title="Commit id: 3d7bcead-ecac-4861-b3a9-448162a526f2" date="2025-12-27T10:35:54.278" Message="N/A" AuthorName="N/A" AuthorEmail="N/A" /><!-- duration: 5ms -->
    </step><!-- duration: 18ms -->
    <step title="Starting PushDeployAsync" date="2025-12-27T10:35:54.293" /><!-- duration: 5ms -->
    <step title="Writing artifact to /tmp/zipdeploy/c92e5eb7-dd5f-48a2-8a89-15331a37da81.zip" date="2025-12-27T10:35:54.332" >
      <step title="Writing multipart request body to /tmp/zipdeploy/c92e5eb7-dd5f-48a2-8a89-15331a37da81.zip" date="2025-12-27T10:35:54.342" /><!-- duration: 16ms -->
    </step><!-- duration: 182ms -->
    <step title="Attempting to fetch target branch HEAD" date="2025-12-27T10:35:54.551" /><!-- duration: 22ms -->
    <step title="Acquiring Deployment Lock" date="2025-12-27T10:35:54.588" /><!-- duration: 13ms -->
    <step title="Acquired Deployment Lock" date="2025-12-27T10:35:54.657" /><!-- duration: 8ms -->
    <step title="Performing fetch based deployment" date="2025-12-27T10:35:54.684" >
      <step title="Creating temporary deployment" date="2025-12-27T10:35:54.699" /><!-- duration: 78ms -->
      <step title="Releasing Deployment Lock" date="2025-12-27T10:35:56.027" /><!-- duration: 11ms -->
      <step title="Cleaning up temp folders from previous zip deployments and extracting pushed zip file /tmp/zipdeploy/c92e5eb7-dd5f-48a2-8a89-15331a37da81.zip (0.02 MB) to /tmp/zipdeploy/extracted" date="2025-12-27T10:35:56.102" >
        <step title="ChmodRecursive Process exited with total time taken in ms: 204" date="2025-12-27T10:35:56.380" /><!-- duration: 16ms -->
      </step><!-- duration: 304ms -->
      <step title="None repository commit" date="2025-12-27T10:35:56.416" >
        <step title="Commit id: 3d7bcead-ecac-4861-b3a9-448162a526f2" date="2025-12-27T10:35:56.426" Message="OneDeploy" AuthorName="N/A" AuthorEmail="N/A" /><!-- duration: 8ms -->
      </step><!-- duration: 22ms -->
      <step title="Deployment timer started" date="2025-12-27T10:35:58.624" >
        <step title="DeploymentManager.Deploy(id:3d7bcead-ecac-4861-b3a9-448162a526f2)" date="2025-12-27T10:35:58.722" >
          <step title="Collecting changeset information" date="2025-12-27T10:35:58.795" /><!-- duration: 396ms -->
          <step title="Updating submodules" date="2025-12-27T10:35:59.246" /><!-- duration: 1227ms -->
          <step title="Determining deployment builder" date="2025-12-27T10:36:01.397" >
            <step title="Builder is OneDeployBuilder" date="2025-12-27T10:36:01.473" /><!-- duration: 27ms -->
          </step><!-- duration: 120ms -->
          <step title="PreDeployment: context.CleanOutputPath False" date="2025-12-27T10:36:01.651" >
            <step title="PreDeployment: context.OutputPath /home/site/wwwroot" date="2025-12-27T10:36:02.178" >
              <step title="Building" date="2025-12-27T10:36:02.540" >
                <step title="Executing external process" date="2025-12-27T10:36:05.399" type="process" path="starter.sh" arguments="/opt/Kudu/Scripts/parallel_rsync.sh /tmp/zipdeploy/extracted /home/site/wwwroot 8 /tmp/ False False  " /><!-- duration: 13668ms -->
                <step title="Modified file to trigger a restart of the app container." date="2025-12-27T10:36:20.464" /><!-- duration: 35ms -->
                <step title="Skip function trigger and logicapp sync because function is not enabled." date="2025-12-27T10:36:20.545" /><!-- duration: 20ms -->
                <step title="Purge deployment items" date="2025-12-27T10:36:22.658" >
                  <step title="Remove 4b9a2b14-, Failed, received at 12/27/2025 10:31:39" date="2025-12-27T10:36:22.826" /><!-- duration: 31ms -->
                  <step title="Remove temp-bf07, Failed, received at 12/27/2025 10:31:34" date="2025-12-27T10:36:23.123" /><!-- duration: 19ms -->
                  <step title="Remove da0f91df-, Failed, received at 12/27/2025 10:27:08" date="2025-12-27T10:36:23.256" /><!-- duration: 26ms -->
                  <step title="Remove temp-59fb, Failed, received at 12/27/2025 10:27:03" date="2025-12-27T10:36:23.500" /><!-- duration: 50ms -->
                  <step title="Remove 62e123e8-, Failed, received at 12/27/2025 09:32:57" date="2025-12-27T10:36:23.773" /><!-- duration: 50ms -->
                </step><!-- duration: 1201ms -->
              </step><!-- duration: 21518ms -->
            </step><!-- duration: 21939ms -->
            <step title="Cleaning up temp files" date="2025-12-27T10:36:24.147" /><!-- duration: 35ms -->
            <step title="Cleaning up temp files" date="2025-12-27T10:36:24.233" /><!-- duration: 543ms -->
            <step title="Reloading status file with latest updates" date="2025-12-27T10:36:24.921" >
              <step title="WebHooksManager.PublishEventAsync: PostDeployment" date="2025-12-27T10:36:24.963" /><!-- duration: 405ms -->
            </step><!-- duration: 466ms -->
            <step title="Cleaning up temporary deployment - fetch deployment was successful" date="2025-12-27T10:36:25.414" /><!-- duration: 11ms -->
          </step><!-- duration: 23971ms -->
        </step><!-- duration: 27013ms -->
        <step title="Outgoing response" date="2025-12-27T10:36:26.434" type="response" statusCode="200" statusText="OK" /><!-- duration: 68ms -->
      </step><!-- duration: 27897ms -->
