<step title="BackgroundTrace" date="2025-12-27T12:14:31.589" instance="978831" url="/api/publish" method="POST" >
  <step title="Creating temporary deployment - FetchDeploymentManager" date="2025-12-27T12:14:31.655" /><!-- duration: 4ms -->
  <step title="Creating temporary deployment" date="2025-12-27T12:14:31.667" /><!-- duration: 70ms -->
  <step title="Performing fetch based deployment" date="2025-12-27T12:14:31.788" >
    <step title="Cleaning up temp folders from previous zip deployments and extracting pushed zip file /tmp/zipdeploy/da450220-9400-45f6-9b5f-55be954c5411.zip (0.02 MB) to /tmp/zipdeploy/extracted" date="2025-12-27T12:14:33.050" >
      <step title="ChmodRecursive Process exited with total time taken in ms: 65" date="2025-12-27T12:14:33.248" /><!-- duration: 10ms -->
    </step><!-- duration: 214ms -->
    <step title="Deployment timer started" date="2025-12-27T12:14:35.340" >
      <step title="DeploymentManager.Deploy(id:89b716c6-27ba-4d65-b20e-9e49ed4ce23d)" date="2025-12-27T12:14:35.459" >
        <step title="Collecting changeset information" date="2025-12-27T12:14:35.695" /><!-- duration: 322ms -->
        <step title="Updating submodules" date="2025-12-27T12:14:36.110" /><!-- duration: 1775ms -->
        <step title="Determining deployment builder" date="2025-12-27T12:14:38.518" >
          <step title="Builder is OryxBuilder" date="2025-12-27T12:14:38.646" /><!-- duration: 53ms -->
        </step><!-- duration: 202ms -->
        <step title="PreDeployment: context.CleanOutputPath False" date="2025-12-27T12:14:38.858" >
          <step title="PreDeployment: context.OutputPath /home/site/wwwroot" date="2025-12-27T12:14:39.079" >
            <step title="Building" date="2025-12-27T12:14:39.312" >
              <step title="Executing external process" date="2025-12-27T12:14:40.030" type="process" path="bash" arguments="-c &quot;oryx build /tmp/zipdeploy/extracted -o /home/site/wwwroot --platform nodejs --platform-version 20 -p virtualenv_name= --log-file /tmp/build-debug.log  -i /tmp/8de454181dfc9c5 -p compress_node_modules=tar-gz | tee /tmp/oryx-build.log ; exit $PIPESTATUS &quot;" 