<step title="Incoming Request" date="2025-12-28T06:32:22.356" instance="978831" url="/api/deployments/latest" method="GET" type="request" pid="833,1,16" Accept="*/*" Host="hanclass-frontend.scm.azurewebsites.net" User-Agent="AZURECLI/2.81.0 (HOMEBREW)" Accept-Encoding="gzip, deflate" Authorization="Bea..." x-ms-client-request-id="ed043af6-e3b6-11f0-a214-3296fc4ad343" X-ARR-LOG-ID="ed043af6-e3b6-11f0-a214-3296fc4ad343" CLIENT-IP="118.131.67.58:57645" X-SITE-DEPLOYMENT-ID="hanclass-frontend" WAS-DEFAULT-HOSTNAME="hanclass-frontend.scm.azurewebsites.net" X-Forwarded-Proto="https" X-AppService-Proto="https" X-Forwarded-TlsVersion="1.3" X-WAWS-Unencoded-URL="/api/deployments/latest" X-Client-IP="118.131.67.58" X-Client-Port="57645" >
  <step title="Cleanup Xml Logs" date="2025-12-28T06:32:22.365" >
    <step title="Cleanup Infos" date="2025-12-28T06:32:22.426" totalFiles="303" totalCleanup="143" /><!-- duration: 26ms -->
  </step><!-- duration: 97ms -->
  <step title="DeploymentService.GetResult" date="2025-12-28T06:32:22.548" >
    <step title="DeploymentService.GetLatestDeployment" date="2025-12-28T06:32:22.558" >
      <step title="DeploymentManager.GetResults" date="2025-12-28T06:32:22.577" /><!-- duration: 1092ms -->
    </step><!-- duration: 1178ms -->
  </step><!-- duration: 1253ms -->
  <step title="Outgoing response" date="2025-12-28T06:32:23.896" type="response" statusCode="202" statusText="Accepted" /><!-- duration: 20ms -->
</step><!-- duration: 1614ms -->
