<step title="Incoming Request" date="2025-12-28T06:48:04.168" instance="978831" url="/api/deployments/latest" method="GET" type="request" pid="833,1,26" Accept="*/*" Host="hanclass-frontend.scm.azurewebsites.net" User-Agent="AZURECLI/2.81.0 (HOMEBREW)" Accept-Encoding="gzip, deflate" Authorization="Bea..." x-ms-client-request-id="2124cfba-e3b9-11f0-be8e-3296fc4ad343" X-ARR-LOG-ID="2124cfba-e3b9-11f0-be8e-3296fc4ad343" CLIENT-IP="118.131.67.58:62843" X-SITE-DEPLOYMENT-ID="hanclass-frontend" WAS-DEFAULT-HOSTNAME="hanclass-frontend.scm.azurewebsites.net" X-Forwarded-Proto="https" X-AppService-Proto="https" X-Forwarded-TlsVersion="1.3" X-WAWS-Unencoded-URL="/api/deployments/latest" X-Client-IP="118.131.67.58" X-Client-Port="62843" >
  <step title="Cleanup Xml Logs" date="2025-12-28T06:48:04.175" >
    <step title="Cleanup Infos" date="2025-12-28T06:48:04.201" totalFiles="338" totalCleanup="178" /><!-- duration: 7ms -->
  </step><!-- duration: 41ms -->
  <step title="DeploymentService.GetResult" date="2025-12-28T06:48:04.230" >
    <step title="DeploymentService.GetLatestDeployment" date="2025-12-28T06:48:04.242" >
      <step title="DeploymentManager.GetResults" date="2025-12-28T06:48:04.278" /><!-- duration: 518ms -->
    </step><!-- duration: 559ms -->
  </step><!-- duration: 576ms -->
  <step title="Outgoing response" date="2025-12-28T06:48:04.812" type="response" statusCode="202" statusText="Accepted" /><!-- duration: 4ms -->
</step><!-- duration: 654ms -->
