<step title="Incoming Request" date="2025-12-27T10:31:34.470" instance="978831" url="/api/publish?type=zip&amp;async=True" method="POST" type="request" pid="833,1,17" Accept="*/*" Host="hanclass-frontend.scm.azurewebsites.net" User-Agent="AZURECLI/2.81.0 (HOMEBREW)" Accept-Encoding="gzip, deflate" Authorization="Bea..." Cache-Control="no-cache" Content-Type="application/octet-stream" Cookie="ARRAffinity=978831a12b989a546f04a417ac73afab2417e3847711476ee09674c03af7af1b; ARRAffinitySameSite=978831a12b989a546f04a417ac73afab2417e3847711476ee09674c03af7af1b" Content-Length="26248" x-ms-client-request-id="33faf920-e30f-11f0-a253-3296fc4ad343" x-ms-artifact-checksum="5b957a2b6733f1459fd31c052241f8c13fd613406b4161efe487e543b1940fe4" X-ARR-LOG-ID="33faf920-e30f-11f0-a253-3296fc4ad343" CLIENT-IP="221.140.73.24:54175" X-SITE-DEPLOYMENT-ID="hanclass-frontend" WAS-DEFAULT-HOSTNAME="hanclass-frontend.scm.azurewebsites.net" X-Forwarded-Proto="https" X-AppService-Proto="https" X-Forwarded-TlsVersion="1.3" X-WAWS-Unencoded-URL="/api/publish?type=zip&amp;async=True" X-Client-IP="221.140.73.24" X-Client-Port="54175" >
  <step title="OneDeploy" date="2025-12-27T10:31:34.509" >
    <step title="None repository commit" date="2025-12-27T10:31:34.526" >
      <step title="Commit id: 4b9a2b14-3077-496a-a4d6-ed7e14efd42d" date="2025-12-27T10:31:34.530" Message="N/A" AuthorName="N/A" AuthorEmail="N/A" /><!-- duration: 4ms -->
    </step><!-- duration: 13ms -->
    <step title="Starting PushDeployAsync" date="2025-12-27T10:31:34.551" /><!-- duration: 4ms -->
    <step title="Writing artifact to /tmp/zipdeploy/7d82a6c2-a0b7-4c6a-8bef-ce9513a417bd.zip" date="2025-12-27T10:31:34.574" >
      <step title="Writing multipart request body to /tmp/zipdeploy/7d82a6c2-a0b7-4c6a-8bef-ce9513a417bd.zip" date="2025-12-27T10:31:34.583" /><!-- duration: 4ms -->
    </step><!-- duration: 79ms -->
    <step title="Start deployment in the background" date="2025-12-27T10:31:34.681" >
      <step title="Acquiring Deployment Lock" date="2025-12-27T10:31:34.729" /><!-- duration: 11ms -->
      <step title="Acquired Deployment Lock" date="2025-12-27T10:31:34.795" /><!-- duration: 6ms -->
    </step><!-- duration: 201ms -->
  </step><!-- duration: 383ms -->
  <step title="Outgoing response" date="2025-12-27T10:31:34.939" type="response" statusCode="202" statusText="Accepted" /><!-- duration: 10ms -->
</step><!-- duration: 483ms -->
