<step title="Incoming Request" date="2025-12-28T06:32:15.537" instance="978831" url="/api/publish?type=zip&amp;async=True" method="POST" type="request" pid="833,1,20" Accept="*/*" Host="hanclass-frontend.scm.azurewebsites.net" User-Agent="AZURECLI/2.81.0 (HOMEBREW)" Accept-Encoding="gzip, deflate" Authorization="Bea..." Cache-Control="no-cache" Content-Type="application/octet-stream" Cookie="ARRAffinity=978831a12b989a546f04a417ac73afab2417e3847711476ee09674c03af7af1b; ARRAffinitySameSite=978831a12b989a546f04a417ac73afab2417e3847711476ee09674c03af7af1b" Content-Length="26202" x-ms-client-request-id="ed043af6-e3b6-11f0-a214-3296fc4ad343" x-ms-artifact-checksum="5a970a54a46def24e96800f0c36e754ea0f4cfcb240149853643bca1cd302332" X-ARR-LOG-ID="ed043af6-e3b6-11f0-a214-3296fc4ad343" CLIENT-IP="118.131.67.58:57613" X-SITE-DEPLOYMENT-ID="hanclass-frontend" WAS-DEFAULT-HOSTNAME="hanclass-frontend.scm.azurewebsites.net" X-Forwarded-Proto="https" X-AppService-Proto="https" X-Forwarded-TlsVersion="1.3" X-WAWS-Unencoded-URL="/api/publish?type=zip&amp;async=True" X-Client-IP="118.131.67.58" X-Client-Port="57613" >
  <step title="Cleanup Xml Logs" date="2025-12-28T06:32:15.554" >
    <step title="Cleanup Infos" date="2025-12-28T06:32:15.677" totalFiles="301" totalCleanup="141" /><!-- duration: 31ms -->
  </step><!-- duration: 164ms -->
  <step title="OneDeploy" date="2025-12-28T06:32:16.520" >
    <step title="None repository commit" date="2025-12-28T06:32:16.709" >
      <step title="Commit id: 55b16391-d263-4fff-91e7-5d69de28cc46" date="2025-12-28T06:32:16.755" Message="N/A" AuthorName="N/A" AuthorEmail="N/A" /><!-- duration: 19ms -->
    </step><!-- duration: 76ms -->
    <step title="Starting PushDeployAsync" date="2025-12-28T06:32:16.935" /><!-- duration: 31ms -->
    <step title="Writing artifact to /tmp/zipdeploy/6ac7a394-8537-44c4-8212-54a67bf4df67.zip" date="2025-12-28T06:32:17.215" >
      <step title="Writing multipart request body to /tmp/zipdeploy/6ac7a394-8537-44c4-8212-54a67bf4df67.zip" date="2025-12-28T06:32:17.267" /><!-- duration: 16ms -->
    </step><!-- duration: 358ms -->
    <step title="Start deployment in the background" date="2025-12-28T06:32:17.629" >
      <step title="Acquiring Deployment Lock" date="2025-12-28T06:32:18.003" /><!-- duration: 95ms -->
      <step title="Acquired Deployment Lock" date="2025-12-28T06:32:18.352" /><!-- duration: 29ms -->
    </step><!-- duration: 1173ms -->
  </step><!-- duration: 2429ms -->
  <step title="Outgoing response" date="2025-12-28T06:32:19.106" type="response" statusCode="202" statusText="Accepted" /><!-- duration: 28ms -->
</step><!-- duration: 3626ms -->
