<step title="BackgroundTrace" date="2025-12-27T09:15:41.985" instance="978831" url="/api/publish" method="POST" >
  <step title="Cleanup Xml Logs" date="2025-12-27T09:15:42.218" /><!-- duration: 96ms -->
  <step title="Creating temporary deployment - FetchDeploymentManager" date="2025-12-27T09:15:43.188" /><!-- duration: 24ms -->
  <step title="Creating temporary deployment" date="2025-12-27T09:15:43.654" /><!-- duration: 932ms -->
  <step title="Performing fetch based deployment" date="2025-12-27T09:15:46.410" >
    <step title="Cleaning up temp folders from previous zip deployments and extracting pushed zip file /tmp/zipdeploy/30a283b4-a182-4164-a7a5-514b3047247e.zip (0.03 MB) to /tmp/zipdeploy/extracted" date="2025-12-27T09:15:53.245" >
      <step title="ChmodRecursive Process exited with total time taken in ms: 178" date="2025-12-27T09:15:54.892" /><!-- duration: 74ms -->
    </step><!-- duration: 1769ms -->
    <step title="Deployment timer started" date="2025-12-27T09:15:57.309" >
      <step title="DeploymentManager.Deploy(id:d7c29488-30d9-41f9-b025-24ef8a6fe4df)" date="2025-12-27T09:15:57.437" >
        <step title="Collecting changeset information" date="2025-12-27T09:15:57.622" /><!-- duration: 501ms -->
        <step title="Updating submodules" date="2025-12-27T09:15:58.171" /><!-- duration: 1641ms -->
        <step title="Determining deployment builder" date="2025-12-27T09:16:01.960" >
          <step title="Builder is OryxBuilder" date="2025-12-27T09:16:02.082" /><!-- duration: 110ms -->
        </step><!-- duration: 563ms -->
        <step title="PreDeployment: context.CleanOutputPath False" date="2025-12-27T09:16:04.012" >
          <step title="PreDeployment: context.OutputPath /home/site/wwwroot" date="2025-12-27T09:16:06.927" >
            <step title="Building" date="2025-12-27T09:16:10.747" >
              <step title="Executing external process" date="2025-12-27T09:16:13.358" type="process" path="bash" arguments="-c &quot;oryx build /tmp/zipdeploy/extracted -o /home/site/wwwroot --platform nodejs --platform-version 20 -p virtualenv_name= --log-file /tmp/build-debug.log  -i /tmp/8de45288e8e2941 -p compress_node_modules=tar-gz | tee /tmp/oryx-build.log ; exit $PIPESTATUS &quot;" 