<step title="BackgroundTrace" date="2025-12-27T10:27:02.674" instance="978831" url="/api/publish" method="POST" >
  <step title="Cleanup Xml Logs" date="2025-12-27T10:27:02.683" /><!-- duration: 135ms -->
  <step title="Creating temporary deployment - FetchDeploymentManager" date="2025-12-27T10:27:03.598" /><!-- duration: 28ms -->
  <step title="Creating temporary deployment" date="2025-12-27T10:27:03.692" /><!-- duration: 471ms -->
  <step title="Performing fetch based deployment" date="2025-12-27T10:27:04.471" >
    <step title="Cleaning up temp folders from previous zip deployments and extracting pushed zip file /tmp/zipdeploy/1ffcded8-5a04-4c73-b5c5-ba2b7027d3b6.zip (0.02 MB) to /tmp/zipdeploy/extracted" date="2025-12-27T10:27:05.810" >
      <step title="ChmodRecursive Process exited with total time taken in ms: 58" date="2025-12-27T10:27:05.945" /><!-- duration: 20ms -->
    </step><!-- duration: 164ms -->
    <step title="Deployment timer started" date="2025-12-27T10:27:07.995" >
      <step title="DeploymentManager.Deploy(id:da0f91df-1031-4c33-9e8b-52b49c2989a1)" date="2025-12-27T10:27:08.023" >
        <step title="Collecting changeset information" date="2025-12-27T10:27:08.089" /><!-- duration: 198ms -->
        <step title="Updating submodules" date="2025-12-27T10:27:08.428" /><!-- duration: 1190ms -->
        <step title="Determining deployment builder" date="2025-12-27T10:27:10.034" >
          <step title="Builder is OryxBuilder" date="2025-12-27T10:27:10.064" /><!-- duration: 18ms -->
        </step><!-- duration: 58ms -->
        <step title="PreDeployment: context.CleanOutputPath False" date="2025-12-27T10:27:10.217" >
          <step title="PreDeployment: context.OutputPath /home/site/wwwroot" date="2025-12-27T10:27:10.469" >
            <step title="Building" date="2025-12-27T10:27:10.793" >
              <step title="Executing external process" date="2025-12-27T10:27:11.791" type="process" path="bash" arguments="-c &quot;oryx build /tmp/zipdeploy/extracted -o /home/site/wwwroot --platform nodejs --platform-version 20 -p virtualenv_name= --log-file /tmp/build-debug.log  -i /tmp/8de45327e33cb03 -p compress_node_modules=tar-gz | tee /tmp/oryx-build.log ; exit $PIPESTATUS &quot;" 