<step title="BackgroundTrace" date="2025-12-28T04:09:01.921" instance="978831" url="/api/publish" method="POST" >
  <step title="Creating temporary deployment - FetchDeploymentManager" date="2025-12-28T04:09:02.142" /><!-- duration: 5ms -->
  <step title="Creating temporary deployment" date="2025-12-28T04:09:02.155" /><!-- duration: 72ms -->
  <step title="Performing fetch based deployment" date="2025-12-28T04:09:02.289" >
    <step title="Cleaning up temp folders from previous zip deployments and extracting pushed zip file /tmp/zipdeploy/fbb46d2a-d187-4676-802e-a489f803a1f9.zip (0.02 MB) to /tmp/zipdeploy/extracted" date="2025-12-28T04:09:03.474" >
      <step title="ChmodRecursive Process exited with total time taken in ms: 45" date="2025-12-28T04:09:03.599" /><!-- duration: 5ms -->
    </step><!-- duration: 141ms -->
    <step title="Deployment timer started" date="2025-12-28T04:09:05.639" >
      <step title="DeploymentManager.Deploy(id:7a84e08e-cfab-41fe-8c69-34ad0c536bf9)" date="2025-12-28T04:09:05.646" >
        <step title="Collecting changeset information" date="2025-12-28T04:09:05.694" /><!-- duration: 130ms -->
        <step title="Updating submodules" date="2025-12-28T04:09:05.838" /><!-- duration: 1153ms -->
        <step title="Determining deployment builder" date="2025-12-28T04:09:08.066" >
          <step title="Builder is OryxBuilder" date="2025-12-28T04:09:08.090" /><!-- duration: 4ms -->
        </step><!-- duration: 34ms -->
        <step title="PreDeployment: context.CleanOutputPath False" date="2025-12-28T04:09:08.160" >
          <step title="PreDeployment: context.OutputPath /home/site/wwwroot" date="2025-12-28T04:09:08.306" >
            <step title="Building" date="2025-12-28T04:09:08.459" >
              <step title="Executing external process" date="2025-12-28T04:09:08.851" type="process" path="bash" arguments="-c &quot;oryx build /tmp/zipdeploy/extracted -o /home/site/wwwroot --platform nodejs --platform-version 20 -p virtualenv_name= --log-file /tmp/build-debug.log  -i /tmp/8de45c6d91543f3 -p compress_node_modules=tar-gz | tee /tmp/oryx-build.log ; exit $PIPESTATUS &quot;" >
                <step title="Cpu: npm install(4931,23.970s)+build.sh(4826,0.060s)+oryx(4806,7.820s)+tee(4807,0.000s)+bash(4805,0.000s)=total(31.820s)" date="2025-12-28T04:10:46.920" /><!-- duration: 38ms -->
                <step title="bash: no io activity for 61s, prev-cpu=-1.000s, current-cpu=31.820s" date="2025-12-28T04:10:46.993" /><!-- duration: 11ms -->
                <step title="Cpu: npm install(4931,53.380s)+build.sh(4826,0.060s)+oryx(4806,7.950s)+tee(4807,0.000s)+bash(4805,0.000s)=total(61.380s)" date="2025-12-28T04:11:47.484" /><!-- duration: 26ms -->
                <step title="bash: no io activity for 122s, prev-cpu=31.820s, current-cpu=61.380s" date="2025-12-28T04:11:47.577" /><!-- duration: 27ms -->
                <step title="Process dump" date="2025-12-28T04:13:33.478" exitCode="1" type="processOutput" /><!-- duration: 9ms -->
              </step><!-- duration: 264647ms -->
              <step title="Error occurred" date="2025-12-28T04:13:33.540" type="error" text="npm warn deprecated next@14.2.0: This version has a security vulnerability. Please upgrade to a patched version. See https://nextjs.org/blog/security-update-2025-12-11 for more details.
Failed to compile.

./app/admin/api-keys/page.tsx
Module not found: Can&apos;t resolve &apos;@/lib/api&apos;

https://nextjs.org/docs/messages/module-not-found

./app/conversation/page.tsx
Module not found: Can&apos;t resolve &apos;@/components/ChatInterface&apos;

https://nextjs.org/docs/messages/module-not-found

./app/level-test/page.tsx
Module not found: Can&apos;t resolve &apos;@/components/VoiceRecorder&apos;

https://nextjs.org/docs/messages/module-not-found

./app/word-game/page.tsx
Module not found: Can&apos;t resolve &apos;@/components/VoiceRecorder&apos;

https://nextjs.org/docs/messages/module-not-found


&gt; Build failed because of webpack errors
/bin/bash -c &quot;oryx build /tmp/zipdeploy/extracted -o /home/site/wwwroot --platform nodejs --platform-version 20 -p virtualenv_name= --log-file /tmp/build-debug.log  -i /tmp/8de45c6d91543f3 -p compress_node_modules=tar-gz | tee /tmp/oryx-build.log ; exit $PIPESTATUS &quot;" stackTrace="   at Kudu.Core.Infrastructure.Executable.ExecuteInternal(ITracer tracer, Func`2 onWriteOutput, Func`2 onWriteError, CancellationToken token, Encoding encoding, String arguments, Object[] args) in /tmp/KuduLite/Kudu.Core/Infrastructure/Executable.cs:line 239
   at Kudu.Core.Infrastructure.Executable.ExecuteWithProgressWriter(ILogger logger, ITracer tracer, CancellationToken token, String arguments, Object[] args) in /tmp/KuduLite/Kudu.Core/Infrastructure/Executable.cs:line 118
   at Kudu.Core.Deployment.Generator.ExternalCommandBuilder.RunCommand(DeploymentContext context, String command, Boolean ignoreManifest, CancellationToken token, String message) in /tmp/KuduLite/Kudu.Core/Deployment/Generator/ExternalCommandBuilder.cs:line 122" /><!-- duration: 15ms -->
              <step title="Error occurred" date="2025-12-28T04:13:33.583" type="error" text="npm warn deprecated next@14.2.0: This version has a security vulnerability. Please upgrade to a patched version. See https://nextjs.org/blog/security-update-2025-12-11 for more details.
Failed to compile.

./app/admin/api-keys/page.tsx
Module not found: Can&apos;t resolve &apos;@/lib/api&apos;

https://nextjs.org/docs/messages/module-not-found

./app/conversation/page.tsx
Module not found: Can&apos;t resolve &apos;@/components/ChatInterface&apos;

https://nextjs.org/docs/messages/module-not-found

./app/level-test/page.tsx
Module not found: Can&apos;t resolve &apos;@/components/VoiceRecorder&apos;

https://nextjs.org/docs/messages/module-not-found

./app/word-game/page.tsx
Module not found: Can&apos;t resolve &apos;@/components/VoiceRecorder&apos;

https://nextjs.org/docs/messages/module-not-found


&gt; Build failed because of webpack errors
/bin/bash -c &quot;oryx build /tmp/zipdeploy/extracted -o /home/site/wwwroot --platform nodejs --platform-version 20 -p virtualenv_name= --log-file /tmp/build-debug.log  -i /tmp/8de45c6d91543f3 -p compress_node_modules=tar-gz | tee /tmp/oryx-build.log ; exit $PIPESTATUS &quot;" stackTrace="   at Kudu.Core.Infrastructure.Executable.ExecuteInternal(ITracer tracer, Func`2 onWriteOutput, Func`2 onWriteError, CancellationToken token, Encoding encoding, String arguments, Object[] args) in /tmp/KuduLite/Kudu.Core/Infrastructure/Executable.cs:line 239
   at Kudu.Core.Infrastructure.Executable.ExecuteWithProgressWriter(ILogger logger, ITracer tracer, CancellationToken token, String arguments, Object[] args) in /tmp/KuduLite/Kudu.Core/Infrastructure/Executable.cs:line 118
   at Kudu.Core.Deployment.Generator.ExternalCommandBuilder.RunCommand(DeploymentContext context, String command, Boolean ignoreManifest, CancellationToken token, String message) in /tmp/KuduLite/Kudu.Core/Deployment/Generator/ExternalCommandBuilder.cs:line 122
   at Kudu.Core.Deployment.Generator.OryxBuilder.RunBuildCommand(IOryxArguments args, DeploymentContext context, CancellationToken token) in /tmp/KuduLite/Kudu.Core/Deployment/Generator/OryxBuilder.cs:line 295
   at Kudu.Core.Deployment.Generator.OryxBuilder.Build(DeploymentContext context, CancellationToken token) in /tmp/KuduLite/Kudu.Core/Deployment/Generator/OryxBuilder.cs:line 136
   at Kudu.Core.Deployment.DeploymentManager.Build(ChangeSet changeSet, ITracer tracer, IDisposable deployStep, IRepository repository, DeploymentInfoBase deploymentInfo, DeploymentAnalytics deploymentAnalytics, Boolean fullBuildByDefault, CancellationToken cancellationToken) in /tmp/KuduLite/Kudu.Core/Deployment/DeploymentManager.cs:line 771" /><!-- duration: 6ms -->
              <step title="Using GenericDeploymentLogParser" date="2025-12-28T04:13:33.899" /><!-- duration: 11ms -->
              <step title="Purge deployment items" date="2025-12-28T04:13:35.595" >
                <step title="Remove 932cf778-, Failed, received at 12/28/2025 01:49:03" date="2025-12-28T04:13:35.775" /><!-- duration: 18ms -->
              </step><!-- duration: 218ms -->
            </step><!-- duration: 267386ms -->
          </step><!-- duration: 267559ms -->
          <step title="Error occurred" date="2025-12-28T04:13:35.874" type="error" text="npm warn deprecated next@14.2.0: This version has a security vulnerability. Please upgrade to a patched version. See https://nextjs.org/blog/security-update-2025-12-11 for more details.
Failed to compile.

./app/admin/api-keys/page.tsx
Module not found: Can&apos;t resolve &apos;@/lib/api&apos;

https://nextjs.org/docs/messages/module-not-found

./app/conversation/page.tsx
Module not found: Can&apos;t resolve &apos;@/components/ChatInterface&apos;

https://nextjs.org/docs/messages/module-not-found

./app/level-test/page.tsx
Module not found: Can&apos;t resolve &apos;@/components/VoiceRecorder&apos;

https://nextjs.org/docs/messages/module-not-found

./app/word-game/page.tsx
Module not found: Can&apos;t resolve &apos;@/components/VoiceRecorder&apos;

https://nextjs.org/docs/messages/module-not-found


&gt; Build failed because of webpack errors
/bin/bash -c &quot;oryx build /tmp/zipdeploy/extracted -o /home/site/wwwroot --platform nodejs --platform-version 20 -p virtualenv_name= --log-file /tmp/build-debug.log  -i /tmp/8de45c6d91543f3 -p compress_node_modules=tar-gz | tee /tmp/oryx-build.log ; exit $PIPESTATUS &quot;" stackTrace="   at Kudu.Core.Infrastructure.Executable.ExecuteInternal(ITracer tracer, Func`2 onWriteOutput, Func`2 onWriteError, CancellationToken token, Encoding encoding, String arguments, Object[] args) in /tmp/KuduLite/Kudu.Core/Infrastructure/Executable.cs:line 239
   at Kudu.Core.Infrastructure.Executable.ExecuteWithProgressWriter(ILogger logger, ITracer tracer, CancellationToken token, String arguments, Object[] args) in /tmp/KuduLite/Kudu.Core/Infrastructure/Executable.cs:line 118
   at Kudu.Core.Deployment.Generator.ExternalCommandBuilder.RunCommand(DeploymentContext context, String command, Boolean ignoreManifest, CancellationToken token, String message) in /tmp/KuduLite/Kudu.Core/Deployment/Generator/ExternalCommandBuilder.cs:line 122
   at Kudu.Core.Deployment.Generator.OryxBuilder.RunBuildCommand(IOryxArguments args, DeploymentContext context, CancellationToken token) in /tmp/KuduLite/Kudu.Core/Deployment/Generator/OryxBuilder.cs:line 295
   at Kudu.Core.Deployment.Generator.OryxBuilder.Build(DeploymentContext context, CancellationToken token) in /tmp/KuduLite/Kudu.Core/Deployment/Generator/OryxBuilder.cs:line 136
   at Kudu.Core.Deployment.DeploymentManager.Build(ChangeSet changeSet, ITracer tracer, IDisposable deployStep, IRepository repository, DeploymentInfoBase deploymentInfo, DeploymentAnalytics deploymentAnalytics, Boolean fullBuildByDefault, CancellationToken cancellationToken) in /tmp/KuduLite/Kudu.Core/Deployment/DeploymentManager.cs:line 771
   at Kudu.Core.Deployment.DeploymentManager.Build(ChangeSet changeSet, ITracer tracer, IDisposable deployStep, IRepository repository, DeploymentInfoBase deploymentInfo, DeploymentAnalytics deploymentAnalytics, Boolean fullBuildByDefault, CancellationToken cancellationToken) in /tmp/KuduLite/Kudu.Core/Deployment/DeploymentManager.cs:line 840" /><!-- duration: 9ms -->
          <step title="Cleaning up temp files" date="2025-12-28T04:13:35.968" /><!-- duration: 2076ms -->
          <step title="Cleaning up temp files" date="2025-12-28T04:13:38.054" /><!-- duration: 508ms -->
          <step title="Error occurred" date="2025-12-28T04:13:38.608" type="error" text="npm warn deprecated next@14.2.0: This version has a security vulnerability. Please upgrade to a patched version. See https://nextjs.org/blog/security-update-2025-12-11 for more details.
Failed to compile.

./app/admin/api-keys/page.tsx
Module not found: Can&apos;t resolve &apos;@/lib/api&apos;

https://nextjs.org/docs/messages/module-not-found

./app/conversation/page.tsx
Module not found: Can&apos;t resolve &apos;@/components/ChatInterface&apos;

https://nextjs.org/docs/messages/module-not-found

./app/level-test/page.tsx
Module not found: Can&apos;t resolve &apos;@/components/VoiceRecorder&apos;

https://nextjs.org/docs/messages/module-not-found

./app/word-game/page.tsx
Module not found: Can&apos;t resolve &apos;@/components/VoiceRecorder&apos;

https://nextjs.org/docs/messages/module-not-found


&gt; Build failed because of webpack errors
/bin/bash -c &quot;oryx build /tmp/zipdeploy/extracted -o /home/site/wwwroot --platform nodejs --platform-version 20 -p virtualenv_name= --log-file /tmp/build-debug.log  -i /tmp/8de45c6d91543f3 -p compress_node_modules=tar-gz | tee /tmp/oryx-build.log ; exit $PIPESTATUS &quot;" stackTrace="   at Kudu.Core.Infrastructure.Executable.ExecuteInternal(ITracer tracer, Func`2 onWriteOutput, Func`2 onWriteError, CancellationToken token, Encoding encoding, String arguments, Object[] args) in /tmp/KuduLite/Kudu.Core/Infrastructure/Executable.cs:line 239
   at Kudu.Core.Infrastructure.Executable.ExecuteWithProgressWriter(ILogger logger, ITracer tracer, CancellationToken token, String arguments, Object[] args) in /tmp/KuduLite/Kudu.Core/Infrastructure/Executable.cs:line 118
   at Kudu.Core.Deployment.Generator.ExternalCommandBuilder.RunCommand(DeploymentContext context, String command, Boolean ignoreManifest, CancellationToken token, String message) in /tmp/KuduLite/Kudu.Core/Deployment/Generator/ExternalCommandBuilder.cs:line 122
   at Kudu.Core.Deployment.Generator.OryxBuilder.RunBuildCommand(IOryxArguments args, DeploymentContext context, CancellationToken token) in /tmp/KuduLite/Kudu.Core/Deployment/Generator/OryxBuilder.cs:line 295
   at Kudu.Core.Deployment.Generator.OryxBuilder.Build(DeploymentContext context, CancellationToken token) in /tmp/KuduLite/Kudu.Core/Deployment/Generator/OryxBuilder.cs:line 136
   at Kudu.Core.Deployment.DeploymentManager.Build(ChangeSet changeSet, ITracer tracer, IDisposable deployStep, IRepository repository, DeploymentInfoBase deploymentInfo, DeploymentAnalytics deploymentAnalytics, Boolean fullBuildByDefault, CancellationToken cancellationToken) in /tmp/KuduLite/Kudu.Core/Deployment/DeploymentManager.cs:line 771
   at Kudu.Core.Deployment.DeploymentManager.Build(ChangeSet changeSet, ITracer tracer, IDisposable deployStep, IRepository repository, DeploymentInfoBase deploymentInfo, DeploymentAnalytics deploymentAnalytics, Boolean fullBuildByDefault, CancellationToken cancellationToken) in /tmp/KuduLite/Kudu.Core/Deployment/DeploymentManager.cs:line 840
   at Kudu.Core.Deployment.DeploymentManager.DeployAsync(IRepository repository, ChangeSet changeSet, String deployer, Boolean clean, DeploymentInfoBase deploymentInfo, Boolean needFileUpdate, Boolean fullBuildByDefault) in /tmp/KuduLite/Kudu.Core/Deployment/DeploymentManager.cs:line 266" /><!-- duration: 10ms -->
        </step><!-- duration: 270485ms -->
        <step title="Reloading status file with latest updates" date="2025-12-28T04:13:38.743" >
          <step title="WebHooksManager.PublishEventAsync: PostDeployment" date="2025-12-28T04:13:38.755" /><!-- duration: 48ms -->
        </step><!-- duration: 65ms -->
        <step title="Error occurred" date="2025-12-28T04:13:38.818" type="error" text="npm warn deprecated next@14.2.0: This version has a security vulnerability. Please upgrade to a patched version. See https://nextjs.org/blog/security-update-2025-12-11 for more details.
Failed to compile.

./app/admin/api-keys/page.tsx
Module not found: Can&apos;t resolve &apos;@/lib/api&apos;

https://nextjs.org/docs/messages/module-not-found

./app/conversation/page.tsx
Module not found: Can&apos;t resolve &apos;@/components/ChatInterface&apos;

https://nextjs.org/docs/messages/module-not-found

./app/level-test/page.tsx
Module not found: Can&apos;t resolve &apos;@/components/VoiceRecorder&apos;

https://nextjs.org/docs/messages/module-not-found

./app/word-game/page.tsx
Module not found: Can&apos;t resolve &apos;@/components/VoiceRecorder&apos;

https://nextjs.org/docs/messages/module-not-found


&gt; Build failed because of webpack errors
/bin/bash -c &quot;oryx build /tmp/zipdeploy/extracted -o /home/site/wwwroot --platform nodejs --platform-version 20 -p virtualenv_name= --log-file /tmp/build-debug.log  -i /tmp/8de45c6d91543f3 -p compress_node_modules=tar-gz | tee /tmp/oryx-build.log ; exit $PIPESTATUS &quot;" stackTrace="   at Kudu.Core.Infrastructure.Executable.ExecuteInternal(ITracer tracer, Func`2 onWriteOutput, Func`2 onWriteError, CancellationToken token, Encoding encoding, String arguments, Object[] args) in /tmp/KuduLite/Kudu.Core/Infrastructure/Executable.cs:line 239
   at Kudu.Core.Infrastructure.Executable.ExecuteWithProgressWriter(ILogger logger, ITracer tracer, CancellationToken token, String arguments, Object[] args) in /tmp/KuduLite/Kudu.Core/Infrastructure/Executable.cs:line 118
   at Kudu.Core.Deployment.Generator.ExternalCommandBuilder.RunCommand(DeploymentContext context, String command, Boolean ignoreManifest, CancellationToken token, String message) in /tmp/KuduLite/Kudu.Core/Deployment/Generator/ExternalCommandBuilder.cs:line 122
   at Kudu.Core.Deployment.Generator.OryxBuilder.RunBuildCommand(IOryxArguments args, DeploymentContext context, CancellationToken token) in /tmp/KuduLite/Kudu.Core/Deployment/Generator/OryxBuilder.cs:line 295
   at Kudu.Core.Deployment.Generator.OryxBuilder.Build(DeploymentContext context, CancellationToken token) in /tmp/KuduLite/Kudu.Core/Deployment/Generator/OryxBuilder.cs:line 136
   at Kudu.Core.Deployment.DeploymentManager.Build(ChangeSet changeSet, ITracer tracer, IDisposable deployStep, IRepository repository, DeploymentInfoBase deploymentInfo, DeploymentAnalytics deploymentAnalytics, Boolean fullBuildByDefault, CancellationToken cancellationToken) in /tmp/KuduLite/Kudu.Core/Deployment/DeploymentManager.cs:line 771
   at Kudu.Core.Deployment.DeploymentManager.Build(ChangeSet changeSet, ITracer tracer, IDisposable deployStep, IRepository repository, DeploymentInfoBase deploymentInfo, DeploymentAnalytics deploymentAnalytics, Boolean fullBuildByDefault, CancellationToken cancellationToken) in /tmp/KuduLite/Kudu.Core/Deployment/DeploymentManager.cs:line 840
   at Kudu.Core.Deployment.DeploymentManager.DeployAsync(IRepository repository, ChangeSet changeSet, String deployer, Boolean clean, DeploymentInfoBase deploymentInfo, Boolean needFileUpdate, Boolean fullBuildByDefault) in /tmp/KuduLite/Kudu.Core/Deployment/DeploymentManager.cs:line 266" /><!-- duration: 21ms -->
        <step title="Marking deployment as failed and cleaning up the temp deployment" date="2025-12-28T04:13:38.895" /><!-- duration: 5ms -->
      </step><!-- duration: 273413ms -->
      <step title="Error occurred" date="2025-12-28T04:13:39.096" type="error" text="One or more errors occurred. (Deployment failed)" stackTrace="   at System.Threading.Tasks.Task.ThrowIfExceptional(Boolean includeTaskCanceledExceptions)
   at System.Threading.Tasks.Task.Wait(Int32 millisecondsTimeout, CancellationToken cancellationToken)
   at System.Threading.Tasks.Task.Wait()
   at Kudu.Core.Deployment.FetchDeploymentManager.&lt;&gt;c__DisplayClass22_1.&lt;PerformBackgroundDeployment&gt;b__3() in /tmp/KuduLite/Kudu.Core/Deployment/FetchDeploymentManager.cs:line 414
   at Kudu.Contracts.Infrastructure.LockExtensions.TryLockOperation(IOperationLock lockObj, Action operation, String operationName, TimeSpan timeout) in /tmp/KuduLite/Kudu.Contracts/Infrastructure/LockExtensions.cs:line 34
   at Kudu.Contracts.Infrastructure.LockExtensions.LockOperation(IOperationLock lockObj, Action operation, String operationName, TimeSpan timeout) in /tmp/KuduLite/Kudu.Contracts/Infrastructure/LockExtensions.cs:line 46
   at Kudu.Core.Deployment.FetchDeploymentManager.&lt;&gt;c__DisplayClass22_0.&lt;PerformBackgroundDeployment&gt;b__1() in /tmp/KuduLite/Kudu.Core/Deployment/FetchDeploymentManager.cs:line 393" innerText="Deployment failed" innerStackTrace="   at Kudu.Core.Deployment.DeploymentManager.DeployAsync(IRepository repository, ChangeSet changeSet, String deployer, Boolean clean, DeploymentInfoBase deploymentInfo, Boolean needFileUpdate, Boolean fullBuildByDefault) in /tmp/KuduLite/Kudu.Core/Deployment/DeploymentManager.cs:line 307
   at Kudu.Core.Deployment.FetchDeploymentManager.PerformDeployment(DeploymentInfoBase deploymentInfo, IDisposable tempDeployment, ChangeSet tempChangeSet, DeployStatusApiResult updateStatusObj) in /tmp/KuduLite/Kudu.Core/Deployment/FetchDeploymentManager.cs:line 230" /><!-- duration: 7ms -->
    </step><!-- duration: 273469ms -->
