<step title="Incoming Request" date="2025-12-27T08:43:40.753" instance="469eb3" url="/api/publish?type=zip&amp;async=False" method="POST" type="request" pid="832,1,21" Accept="*/*" Host="hanclass-frontend.scm.azurewebsites.net" User-Agent="AZURECLI/2.81.0 (HOMEBREW)" Accept-Encoding="gzip, deflate" Authorization="Bea..." Cache-Control="no-cache" Content-Type="application/octet-stream" Cookie="ARRAffinity=469eb38b1f27c8c5377bc9822559fc66fbccb440eb5a11a6699f014b0b3e6741; ARRAffinitySameSite=469eb38b1f27c8c5377bc9822559fc66fbccb440eb5a11a6699f014b0b3e6741" Content-Length="26538" x-ms-client-request-id="21924edc-e300-11f0-a1bb-3296fc4ad343" x-ms-artifact-checksum="a2f5fcc45498a5044fd74f1c15e90d69f53929d8750c17c01ed26b7582516afb" X-ARR-LOG-ID="21924edc-e300-11f0-a1bb-3296fc4ad343" CLIENT-IP="221.140.73.24:50778" X-SITE-DEPLOYMENT-ID="hanclass-frontend" WAS-DEFAULT-HOSTNAME="hanclass-frontend.scm.azurewebsites.net" X-Forwarded-Proto="https" X-AppService-Proto="https" X-Forwarded-TlsVersion="1.3" X-WAWS-Unencoded-URL="/api/publish?type=zip&amp;async=False" X-Client-IP="221.140.73.24" X-Client-Port="50778" >
  <step title="OneDeploy" date="2025-12-27T08:43:40.969" >
    <step title="Starting PushDeployAsync" date="2025-12-27T08:43:41.120" /><!-- duration: 19ms -->
    <step title="Writing artifact to /tmp/zipdeploy/656da77e-e819-4224-93e4-90a21eee87b8.zip" date="2025-12-27T08:43:41.237" >
      <step title="Writing multipart request body to /tmp/zipdeploy/656da77e-e819-4224-93e4-90a21eee87b8.zip" date="2025-12-27T08:43:41.275" /><!-- duration: 13ms -->
    </step><!-- duration: 225ms -->
    <step title="Attempting to fetch target branch HEAD" date="2025-12-27T08:43:41.500" /><!-- duration: 22ms -->
    <step title="Acquiring Deployment Lock" date="2025-12-27T08:43:41.550" /><!-- duration: 11ms -->
    <step title="Acquired Deployment Lock" date="2025-12-27T08:43:41.748" /><!-- duration: 76ms -->
    <step title="Performing fetch based deployment" date="2025-12-27T08:43:41.915" >
      <step title="Creating temporary deployment" date="2025-12-27T08:43:41.961" /><!-- duration: 231ms -->
      <step title="Releasing Deployment Lock" date="2025-12-27T08:43:43.571" /><!-- duration: 49ms -->
      <step title="Cleaning up temp folders from previous zip deployments and extracting pushed zip file /tmp/zipdeploy/656da77e-e819-4224-93e4-90a21eee87b8.zip (0.03 MB) to /tmp/zipdeploy/extracted" date="2025-12-27T08:43:43.730" >
        <step title="ChmodRecursive Process exited with total time taken in ms: 146" date="2025-12-27T08:43:44.118" /><!-- duration: 11ms -->
      </step><!-- duration: 418ms -->
      <step title="None repository commit" date="2025-12-27T08:43:44.167" >
        <step title="Commit id: f15428a7-7d7d-427d-b932-fd98936a1bf8" date="2025-12-27T08:43:44.180" Message="OneDeploy" AuthorName="N/A" AuthorEmail="N/A" /><!-- duration: 18ms -->
      </step><!-- duration: 49ms -->
      <step title="Deployment timer started" date="2025-12-27T08:43:46.235" >
        <step title="DeploymentManager.Deploy(id:f15428a7-7d7d-427d-b932-fd98936a1bf8)" date="2025-12-27T08:43:46.388" >
          <step title="Collecting changeset information" date="2025-12-27T08:43:46.525" /><!-- duration: 428ms -->
          <step title="Updating submodules" date="2025-12-27T08:43:46.991" /><!-- duration: 1438ms -->
          <step title="Determining deployment builder" date="2025-12-27T08:43:49.208" >
            <step title="Builder is OryxBuilder" date="2025-12-27T08:43:49.277" /><!-- duration: 10ms -->
          </step><!-- duration: 99ms -->
          <step title="PreDeployment: context.CleanOutputPath False" date="2025-12-27T08:43:49.461" >
            <step title="PreDeployment: context.OutputPath /home/site/wwwroot" date="2025-12-27T08:43:50.189" >
              <step title="Building" date="2025-12-27T08:43:50.896" >
                <step title="Executing external process" date="2025-12-27T08:43:53.708" type="process" path="bash" arguments="-c &quot;oryx build /tmp/zipdeploy/extracted -o /home/site/wwwroot --platform nodejs --platform-version 20 -p virtualenv_name= --log-file /tmp/build-debug.log  -i /tmp/8de45240e40b42f -p compress_node_modules=tar-gz | tee /tmp/oryx-build.log ; exit $PIPESTATUS &quot;" 