<step title="BackgroundTrace" date="2025-12-27T10:31:34.699" instance="978831" url="/api/publish" method="POST" >
  <step title="Creating temporary deployment - FetchDeploymentManager" date="2025-12-27T10:31:34.806" /><!-- duration: 3ms -->
  <step title="Creating temporary deployment" date="2025-12-27T10:31:34.814" /><!-- duration: 62ms -->
  <step title="Performing fetch based deployment" date="2025-12-27T10:31:34.971" >
    <step title="Cleaning up temp folders from previous zip deployments and extracting pushed zip file /tmp/zipdeploy/7d82a6c2-a0b7-4c6a-8bef-ce9513a417bd.zip (0.03 MB) to /tmp/zipdeploy/extracted" date="2025-12-27T10:31:36.294" >
      <step title="ChmodRecursive Process exited with total time taken in ms: 236" date="2025-12-27T10:31:36.713" /><!-- duration: 11ms -->
    </step><!-- duration: 446ms -->
    <step title="Deployment timer started" date="2025-12-27T10:31:38.841" >
      <step title="DeploymentManager.Deploy(id:4b9a2b14-3077-496a-a4d6-ed7e14efd42d)" date="2025-12-27T10:31:38.861" >
        <step title="Collecting changeset information" date="2025-12-27T10:31:39.004" /><!-- duration: 820ms -->
        <step title="Updating submodules" date="2025-12-27T10:31:39.877" /><!-- duration: 1285ms -->
        <step title="Determining deployment builder" date="2025-12-27T10:31:42.322" >
          <step title="Builder is OryxBuilder" date="2025-12-27T10:31:42.361" /><!-- duration: 27ms -->
        </step><!-- duration: 77ms -->
        <step title="PreDeployment: context.CleanOutputPath False" date="2025-12-27T10:31:42.491" >
          <step title="PreDeployment: context.OutputPath /home/site/wwwroot" date="2025-12-27T10:31:42.644" >
            <step title="Building" date="2025-12-27T10:31:43.000" >
              <step title="Executing external process" date="2025-12-27T10:31:45.184" type="process" path="bash" arguments="-c &quot;oryx build /tmp/zipdeploy/extracted -o /home/site/wwwroot --platform nodejs --platform-version 20 -p virtualenv_name= --log-file /tmp/build-debug.log  -i /tmp/8de45332080ee88 -p compress_node_modules=tar-gz | tee /tmp/oryx-build.log ; exit $PIPESTATUS &quot;" 