<step title="BackgroundTrace" date="2025-12-28T06:10:08.444" instance="978831" url="/api/publish" method="POST" >
  <step title="Cleanup Xml Logs" date="2025-12-28T06:10:08.459" >
    <step title="Cleanup Infos" date="2025-12-28T06:10:08.479" totalFiles="293" totalCleanup="133" /><!-- duration: 9ms -->
  </step><!-- duration: 34ms -->
  <step title="Creating temporary deployment - FetchDeploymentManager" date="2025-12-28T06:10:08.819" /><!-- duration: 5ms -->
  <step title="Creating temporary deployment" date="2025-12-28T06:10:08.832" /><!-- duration: 159ms -->
  <step title="Performing fetch based deployment" date="2025-12-28T06:10:09.205" >
    <step title="Cleaning up temp folders from previous zip deployments and extracting pushed zip file /tmp/zipdeploy/b7e239ae-41ce-43e2-b52d-bb17a5138884.zip (0.03 MB) to /tmp/zipdeploy/extracted" date="2025-12-28T06:10:10.655" >
      <step title="ChmodRecursive Process exited with total time taken in ms: 642" date="2025-12-28T06:10:11.569" /><!-- duration: 33ms -->
    </step><!-- duration: 968ms -->
    <step title="Deployment timer started" date="2025-12-28T06:10:13.810" >
      <step title="DeploymentManager.Deploy(id:cf639c17-ba87-456a-a8a4-d7fa29b6de1e)" date="2025-12-28T06:10:13.844" >
        <step title="Collecting changeset information" date="2025-12-28T06:10:13.982" /><!-- duration: 532ms -->
        <step title="Updating submodules" date="2025-12-28T06:10:14.542" /><!-- duration: 2730ms -->
        <step title="Determining deployment builder" date="2025-12-28T06:10:18.591" >
          <step title="Builder is OneDeployBuilder" date="2025-12-28T06:10:18.763" /><!-- duration: 112ms -->
        </step><!-- duration: 360ms -->
        <step title="PreDeployment: context.CleanOutputPath False" date="2025-12-28T06:10:19.141" >
          <step title="PreDeployment: context.OutputPath /home/site/wwwroot" date="2025-12-28T06:10:19.935" >
            <step title="Building" date="2025-12-28T06:10:21.259" >
              <step title="Executing external process" date="2025-12-28T06:10:22.705" type="process" path="starter.sh" arguments="/opt/Kudu/Scripts/parallel_rsync.sh /tmp/zipdeploy/extracted /home/site/wwwroot 8 /tmp/ False False  " /><!-- duration: 8281ms -->
              <step title="Modified file to trigger a restart of the app container." date="2025-12-28T06:10:32.660" /><!-- duration: 38ms -->
              <step title="Skip function trigger and logicapp sync because function is not enabled." date="2025-12-28T06:10:32.728" /><!-- duration: 54ms -->
              <step title="Purge deployment items" date="2025-12-28T06:10:35.098" >
                <step title="Remove 9c052fa0-, Failed, received at 12/28/2025 05:01:46" date="2025-12-28T06:10:35.281" /><!-- duration: 27ms -->
                <step title="Remove temp-3c4b, Failed, received at 12/28/2025 05:01:41" date="2025-12-28T06:10:35.525" /><!-- duration: 11ms -->
                <step title="Remove 0f435004-, Failed, received at 12/28/2025 04:47:46" date="2025-12-28T06:10:35.765" /><!-- duration: 28ms -->
              </step><!-- duration: 707ms -->
            </step><!-- duration: 14734ms -->
          </step><!-- duration: 16152ms -->
          <step title="Cleaning up temp files" date="2025-12-28T06:10:36.115" /><!-- duration: 32ms -->
          <step title="Cleaning up temp files" date="2025-12-28T06:10:36.201" /><!-- duration: 557ms -->
          <step title="Reloading status file with latest updates" date="2025-12-28T06:10:36.969" >
            <step title="WebHooksManager.PublishEventAsync: PostDeployment" date="2025-12-28T06:10:37.052" /><!-- duration: 337ms -->
          </step><!-- duration: 446ms -->
          <step title="Cleaning up temporary deployment - fetch deployment was successful" date="2025-12-28T06:10:37.458" /><!-- duration: 15ms -->
        </step><!-- duration: 18503ms -->
      </step><!-- duration: 23926ms -->
