<step title="Incoming Request" date="2025-12-28T06:48:00.671" instance="978831" url="/api/publish?type=zip&amp;async=True" method="POST" type="request" pid="833,1,3" Accept="*/*" Host="hanclass-frontend.scm.azurewebsites.net" User-Agent="AZURECLI/2.81.0 (HOMEBREW)" Accept-Encoding="gzip, deflate" Authorization="Bea..." Cache-Control="no-cache" Content-Type="application/octet-stream" Cookie="ARRAffinity=978831a12b989a546f04a417ac73afab2417e3847711476ee09674c03af7af1b; ARRAffinitySameSite=978831a12b989a546f04a417ac73afab2417e3847711476ee09674c03af7af1b" Content-Length="26283" x-ms-client-request-id="2124cfba-e3b9-11f0-be8e-3296fc4ad343" x-ms-artifact-checksum="c977dbce74b5a9b3d1515faa8f505fd4233b2456ff540ccaf1932ef3bedf0bfb" X-ARR-LOG-ID="2124cfba-e3b9-11f0-be8e-3296fc4ad343" CLIENT-IP="118.131.67.58:62807" X-SITE-DEPLOYMENT-ID="hanclass-frontend" WAS-DEFAULT-HOSTNAME="hanclass-frontend.scm.azurewebsites.net" X-Forwarded-Proto="https" X-AppService-Proto="https" X-Forwarded-TlsVersion="1.3" X-WAWS-Unencoded-URL="/api/publish?type=zip&amp;async=True" X-Client-IP="118.131.67.58" X-Client-Port="62807" >
  <step title="OneDeploy" date="2025-12-28T06:48:00.699" >
    <step title="Starting PushDeployAsync" date="2025-12-28T06:48:00.711" /><!-- duration: 6ms -->
    <step title="Writing artifact to /tmp/zipdeploy/a8896dba-35f9-4cf0-bd31-85b81bc407fc.zip" date="2025-12-28T06:48:00.736" >
      <step title="Writing multipart request body to /tmp/zipdeploy/a8896dba-35f9-4cf0-bd31-85b81bc407fc.zip" date="2025-12-28T06:48:00.741" /><!-- duration: 13ms -->
    </step><!-- duration: 169ms -->
    <step title="Start deployment in the background" date="2025-12-28T06:48:00.917" >
      <step title="Acquiring Deployment Lock" date="2025-12-28T06:48:00.944" /><!-- duration: 6ms -->
      <step title="Acquired Deployment Lock" date="2025-12-28T06:48:00.989" /><!-- duration: 5ms -->
    </step><!-- duration: 170ms -->
  </step><!-- duration: 400ms -->
  <step title="Outgoing response" date="2025-12-28T06:48:01.103" type="response" statusCode="202" statusText="Accepted" /><!-- duration: 5ms -->
</step><!-- duration: 441ms -->
