<step title="Incoming Request" date="2025-12-28T04:47:42.000" instance="978831" url="/api/publish?type=zip&amp;async=True" method="POST" type="request" pid="833,1,15" Accept="*/*" Host="hanclass-frontend.scm.azurewebsites.net" User-Agent="AZURECLI/2.81.0 (HOMEBREW)" Accept-Encoding="gzip, deflate" Authorization="Bea..." Cache-Control="no-cache" Content-Type="application/octet-stream" Cookie="ARRAffinity=978831a12b989a546f04a417ac73afab2417e3847711476ee09674c03af7af1b; ARRAffinitySameSite=978831a12b989a546f04a417ac73afab2417e3847711476ee09674c03af7af1b" Content-Length="26134" x-ms-client-request-id="54e98518-e3a8-11f0-8722-3296fc4ad343" x-ms-artifact-checksum="e1e68320ab30667f66d241fb8aa405204336aa3ecfb8ee9def64d0d409331ea2" X-ARR-LOG-ID="54e98518-e3a8-11f0-8722-3296fc4ad343" CLIENT-IP="118.131.67.58:62882" X-SITE-DEPLOYMENT-ID="hanclass-frontend" WAS-DEFAULT-HOSTNAME="hanclass-frontend.scm.azurewebsites.net" X-Forwarded-Proto="https" X-AppService-Proto="https" X-Forwarded-TlsVersion="1.3" X-WAWS-Unencoded-URL="/api/publish?type=zip&amp;async=True" X-Client-IP="118.131.67.58" X-Client-Port="62882" >
  <step title="OneDeploy" date="2025-12-28T04:47:42.104" >
    <step title="None repository commit" date="2025-12-28T04:47:42.124" >
      <step title="Commit id: 0f435004-4a1e-493f-9fcf-6cc37951ef04" date="2025-12-28T04:47:42.130" Message="N/A" AuthorName="N/A" AuthorEmail="N/A" /><!-- duration: 5ms -->
    </step><!-- duration: 16ms -->
    <step title="Starting PushDeployAsync" date="2025-12-28T04:47:42.144" /><!-- duration: 5ms -->
    <step title="Writing artifact to /tmp/zipdeploy/68e498ee-1b28-4d50-95f2-d1de63f57995.zip" date="2025-12-28T04:47:42.178" >
      <step title="Writing multipart request body to /tmp/zipdeploy/68e498ee-1b28-4d50-95f2-d1de63f57995.zip" date="2025-12-28T04:47:42.185" /><!-- duration: 9ms -->
    </step><!-- duration: 139ms -->
    <step title="Start deployment in the background" date="2025-12-28T04:47:42.335" >
      <step title="Acquiring Deployment Lock" date="2025-12-28T04:47:42.367" /><!-- duration: 11ms -->
      <step title="Acquired Deployment Lock" date="2025-12-28T04:47:42.425" /><!-- duration: 5ms -->
    </step><!-- duration: 223ms -->
  </step><!-- duration: 461ms -->
  <step title="Outgoing response" date="2025-12-28T04:47:42.581" type="response" statusCode="202" statusText="Accepted" /><!-- duration: 6ms -->
</step><!-- duration: 592ms -->
