﻿<?xml version="1.0" encoding="utf-8"?>
<deployment>
  <id>9c052fa0-d318-4792-9ef7-663e64350f49</id>
  <author>N/A</author>
  <deployer>OneDeploy</deployer>
  <authorEmail>N/A</authorEmail>
  <message>OneDeploy</message>
  <progress></progress>
  <status>Failed</status>
  <statusText>Deployment has been stopped due to SCM container restart. The restart can happen due to a management operation on site. Do not perform a management operation and a deployment operation in quick succession. Adding a small delay can help avoid any conflicts.</statusText>
  <lastSuccessEndTime />
  <receivedTime>2025-12-28T05:01:46.9099924Z</receivedTime>
  <startTime>2025-12-28T05:01:49.4293048Z</startTime>
  <endTime>2025-12-28T05:02:19.5700466Z</endTime>
  <complete>True</complete>
  <is_temp>False</is_temp>
  <is_readonly>True</is_readonly>
  <buildSummary />
</deployment>