﻿<?xml version="1.0" encoding="utf-8"?>
<deployment>
  <id>temp-3c4b2c96</id>
  <author>OneDeploy</author>
  <deployer>OneDeploy</deployer>
  <authorEmail>N/A</authorEmail>
  <message>N/A</message>
  <progress></progress>
  <status>Failed</status>
  <statusText>Deployment has been stopped due to SCM container restart. The restart can happen due to a management operation on site. Do not perform a management operation and a deployment operation in quick succession. Adding a small delay can help avoid any conflicts.</statusText>
  <lastSuccessEndTime />
  <receivedTime>2025-12-28T05:01:41.9362089Z</receivedTime>
  <startTime>2025-12-28T05:01:41.9362089Z</startTime>
  <endTime>2025-12-28T05:02:20.3911234Z</endTime>
  <complete>True</complete>
  <is_temp>True</is_temp>
  <is_readonly>False</is_readonly>
  <buildSummary />
</deployment>